"id","post_id","channel_type","post_type","post_description","views_count","likes_count","comments_count","shares_count","hashtags","post_datetime","post_time","post_date"
1,Im8HPvQ0yys,youtube,video,"GoPro Awards recipient ""KWOON"" is one talented + creative musician. His dream is to play live music in the most spectacular places on Earth‚Äîin nature, the wild, + where nobody has played a guitar solo before. In this iteration of his dream, KWOON performed a live recording of a new song while his chrome guitar floated 101,000 feet into space via a weather balloon. Thanks to GPS tracking, he was able to find the landing site + recover the GoPro + its footage so you could enjoy this music video from the stratosphere.

--------------------------------------------------------
Recommended Gear:
HERO12 Black: https://GoPro.com/HERO12
Protective Housing: https://GoPro.com/ProtectiveHousing
Enduro Battery: https://GoPro.com/Enduro
--------------------------------------------------------

Shot 100% on GoPro: https://GoPro.com/
Get stoked and subscribe: http://goo.gl/HgVXpQ

Music Courtesy of Epidemic Sound
https://www.epidemicsound.com/


For more from GoPro, follow us:
Facebook: https://www.facebook.com/gopro
Twitter: https://twitter.com/gopro
Instagram: https://instagram.com/gopro
TikTok: https://www.tiktok.com/@gopro
The Current: https://gopro.com/news
GoPro: https://gopro.com/channel/
#GoPro #HyperSmooth #Space #Guitar #Music",9059,517,64,,"GoPro,HyperSmooth,Space,Guitar,Music","2023-10-06 20:15:01","20:15:01","2023-10-06"
2,a9PdU9xQeXk,youtube,video,It's rush hour on the Kenyan plains üêò $500 #GoProAwards recipient JC Pieri had his GoPro ready for the herd + was not disappointed with the footage when he returned to pick up his camera. #GoPro #Elephant #Africa #Wildlife #wildlifephotography,36251,2211,15,,"GoProAwards,GoPro,Elephant,Africa,Wildlife,wildlifephotography","2023-10-02 14:00:00","14:00:00","2023-10-02"
3,sB60FSm6fcw,youtube,video,"$500 #GoProAwards recipient Sajid Chougle lives life to the fullest. He slung himself into flight with this unique contraption above the Fjords of Norway. Shot on our 360¬∞ camera, #GoProMAX. #GoPro #HyperSmooth #BASE #BASEJumping #Norway #Fjords",283265,14688,66,,"GoProAwards,GoProMAX,GoPro,HyperSmooth,BASE,BASEJumping,Norway,Fjords","2023-10-01 14:00:38","14:00:38","2023-10-01"
4,XBoqsmBYG4Q,youtube,video,"GoPro | NHRA Drag Racing POV in Las Vegas üé¨ #Racing #LasVegas #Shorts

#GoProHERO12 Black + funny car ü§ù Hop onboard with Ron Capps Motorsports for a blazing fast 1/4 mile drag race at the Las Vegas Motor Speedway üèÅ #Vegas #LasVegas #Racing #DragRacing #Speed #NHRA",91775,4889,15,,"Racing,LasVegas,Shorts,GoProHERO12,Vegas,LasVegas,Racing,DragRacing,Speed,NHRA","2023-09-29 14:00:19","14:00:19","2023-09-29"
5,"0h1aX7fQn3Y",youtube,video,"#GoPro #GoProSnow #HyperSmooth #Skiing #SitSkiBoss

A feature documentary from Level 1, coming to theaters Fall 2023. Find a screening near you and learn more at https://fullcirclefilm.co/

Faced with a traumatic injury that renders you permanently disabled, how would you reinvent yourself? In 2014, Trevor Kennison's life was forever altered by a broken back - for worse and for better, in equal measures.

Full Circle is both an unblinking examination of the challenges of life after spinal cord injury... and a celebration of the opportunity for growth that such a tragedy can present.

Featuring Trevor Kennison and Barry Corbet. A Level 1 Production, in association with Abramorama and XYZ Films. Directed by Josh Berman, and made possible with support from Eddie Bauer, Volkl Skis, SPY+, Fat Tire, CMH Heli Skiing, GoPro, Jackson Hole, Ikon Pass, High Fives Foundation, the KHR Family Fund, and Darn Tough VT.

Follow Level 1 Productions: https://www.instagram.com/level1/
Follow Trevor Kennison: https://www.instagram.com/trevor_kennison/
Find a screening near you and learn more at https://fullcirclefilm.co/
For more from GoPro, check out The Current: https://gopro.com/news",19630,788,33,,"GoPro,GoProSnow,HyperSmooth,Skiing,SitSkiBoss","2023-09-29 13:00:02","13:00:02","2023-09-29"
6,tvjdwJg-Kfg,youtube,video,Could you keep up with Korbinian Engstler? üö≤üí® This high-speed mountain biking manual + speed run scored him a quick $500. #GoPro #GoProPOV #GoProMTB #HyperSmooth #Bike #DownhillMTB #POV #Speed #Austria,229196,17915,79,,"GoPro,GoProPOV,GoProMTB,HyperSmooth,Bike,DownhillMTB,POV,Speed,Austria","2023-09-28 16:30:53","16:30:53","2023-09-28"
7,Qom3kEymw_M,youtube,video,"Wait for the reveal üòÆ You'll usually find #GoProAthlete Antoni Villoni on a MTB, but today he was jumping from a 3,600 ft cliff in Norway. Shot with 360¬∞ Video Mode on #GoProMAX. #GoPro #GoProPOV #HyperSmooth #BASE #BASEJumping #Norway #Lysefjord

Shot 100% on GoPro

For more from GoPro, follow us:
Facebook: https://www.facebook.com/gopro
Twitter: https://twitter.com/gopro
Instagram: https://instagram.com/gopro
TikTok: https://www.tiktok.com/@gopro
The Current: https://gopro.com/news
GoPro: https://gopro.com/channel/
#GoPro",2311976,136742,472,,"GoProAthlete,GoProMAX,GoPro,GoProPOV,HyperSmooth,BASE,BASEJumping,Norway,Lysefjord,GoPro","2023-09-23 14:00:31","14:00:31","2023-09-23"
8,RgwU5ePYu5A,youtube,video,"Freestyle Kayak World Champion, Dane Jackson has a flair for the extreme, which is why he traveled to Santo Domingo, Mexico to tame the rapids of the mighty Angel Wings Falls. With 4 waterfalls spanning 300 vertical feet in just 1/5 mile, this section of river is the steepest navigable whitewater sequence in the world. The first drop of the series is Angel Wings Falls. Clocking in at 80ft, it demands perfection + confidence‚ÄîDane's forte. Strap into the boat for his HERO12 Black POV of this beautiful + one-of-a-kind water feature.

--------------------------------------------------------
Products used in this video:
HERO12 Black: https://GoPro.com/HERO12
Max Lens Mod 2.0: https://GoPro.com/MaxLensMod2
Floaty: https://GoPro.com/shop/mounts-accessories/floaty-floating-camera-case/ADFLT-001.html
Adhesive Mounts: https://GoPro.com/shop/mounts-accessories/curved-plus-flat-adhesive-mounts/AACFT-001.html
--------------------------------------------------------

Shot 100% on GoPro: https://GoPro.com/
Get stoked and subscribe: http://goo.gl/HgVXpQ

Music Courtesy of Epidemic Sound
https://www.epidemicsound.com/

For more from GoPro, follow us:
Facebook: https://www.facebook.com/gopro
Twitter: https://twitter.com/gopro
Instagram: https://instagram.com/gopro
TikTok: https://www.tiktok.com/@gopro
The Current: https://gopro.com/news
GoPro: https://gopro.com/channel/
#GoPro #GoProPOV #GoProFPV #HyperSmooth #Kayak #Waterfall",47684,1317,43,,"GoPro,GoProPOV,GoProFPV,HyperSmooth,Kayak,Waterfall","2023-09-22 17:08:03","17:08:03","2023-09-22"
9,K4KUzJe4DRc,youtube,video,"Slippery when wet ‚ö†Ô∏è #GoProAthlete @remymetailler seems to find grip where no others can on this soaking wet trail in Quebec City. Shot on #GoProMAX. #GoPro #GoProPOV #HyperSmooth #GoProMTB #Bike #MTB #POV #DownhillMTB

Shot 100% on GoPro

For more from GoPro, follow us:
Facebook: https://www.facebook.com/gopro
Twitter: https://twitter.com/gopro
Instagram: https://instagram.com/gopro
TikTok: https://www.tiktok.com/@gopro
The Current: https://gopro.com/news
GoPro: https://gopro.com/channel/
#GoPro",308957,17322,86,,"GoProAthlete,GoProMAX,GoPro,GoProPOV,HyperSmooth,GoProMTB,Bike,MTB,POV,DownhillMTB,GoPro","2023-09-21 14:00:13","14:00:13","2023-09-21"
10,HzVJVIXGedc,youtube,video,"#GoProHERO12 Black experienced the thrill of his triple valveless pulsejet rocket car in Nevada's Black Rock Desert. Safe to say that Bob is living his best life üòé #GoPro #HyperSmooth #GoProMoto #SaltFlats #Nevada #Speed

For more GoPro videos, subscribe to our channel üëâ http://goo.gl/HgVXpQ
GoPro HERO12 Black üëâ https://GoPro.com/HERO12

Shot 100% on GoPro

Music Courtesy of Epidemic Sound
https://www.epidemicsound.com/

For more from GoPro, follow us:
Facebook: https://www.facebook.com/gopro
Twitter: https://twitter.com/gopro
Instagram: https://instagram.com/gopro
TikTok: https://www.tiktok.com/@gopro
The Current: https://gopro.com/news
GoPro: https://gopro.com/channel/
#GoPro",231050,11751,74,,"GoProHERO12,GoPro,HyperSmooth,GoProMoto,SaltFlats,Nevada,Speed,GoPro","2023-09-19 14:30:06","14:30:06","2023-09-19"
11,lWt1EgIpWPQ,youtube,video,"GoPro Awards recipient Sebastian Schieren took his #GoProFPV drone in for a closer view of this eruption when he traveled to Iceland #GoPro #HyperSmooth #FPV #Iceland #Volcano #Lava

For more GoPro videos, subscribe to our channel üëâ http://goo.gl/HgVXpQ
GoPro HERO12 Black üëâ https://GoPro.com/HERO12

Shot 100% on GoPro: https://GoPro.com

For more from GoPro, follow us:
Facebook: https://www.facebook.com/gopro
Twitter: https://twitter.com/gopro
Instagram: https://instagram.com/gopro
TikTok: https://www.tiktok.com/@gopro
The Current: https://gopro.com/news
GoPro: https://gopro.com/channel/
#GoPro",225590,12803,97,,"GoProFPV,GoPro,HyperSmooth,FPV,Iceland,Volcano,Lava,GoPro","2023-09-17 19:32:05","19:32:05","2023-09-17"
12,"3Rve-rP2wkI",youtube,video,"Every year, the world's most talented mountain biking athletes gather at The Swatch Nines to push the limits of the sport on a one-of-a-kind jump line. This year, GoPro Athlete Bienvenido Aguado took freestyle biking to the next level by stomping the world's first Cliffhanger Front Flip. Join us for a behind-the-scenes look at what all goes down to make a historic trick like this come to fruition. Special thanks to Casey Brown, Elias Ruso, Sam Reynolds, + Nicholi Rogatkin for all of the coverage from Green Hill Bikepark in Germany.

--------------------------------------------------------
Products used in this video:
HERO12 Black: https://GoPro.com/HERO12
Max Lens Mod 2.0: https://GoPro.com/MaxLensMod2
Enduro Battery: https://GoPro.com/Enduro
Chesty: https://GoPro.com/shop/mounts-accessories/chesty/AGCHM-001.html
Adhesive Mounts: https://GoPro.com/shop/mounts-accessories/curved-plus-flat-adhesive-mounts/AACFT-001.html
--------------------------------------------------------

Shot 100% on GoPro: https://gopro.com/
Get stoked and subscribe: http://goo.gl/HgVXpQ

Music Courtesy of Epidemic Sound
https://www.epidemicsound.com/

For more from GoPro, follow us:
Facebook: https://www.facebook.com/gopro
Twitter: https://twitter.com/gopro
Instagram: https://instagram.com/gopro
TikTok: https://www.tiktok.com/@gopro
The Current: https://gopro.com/news
GoPro: https://gopro.com/channel/
#GoPro #GoProHERO12 #GoProMTB #MTB #MountainBiking",39557,1414,49,,"GoPro,GoProHERO12,GoProMTB,MTB,MountainBiking","2023-09-15 18:15:00","18:15:00","2023-09-15"
13,_oK1LAqIv3U,youtube,video,"The ultimate POV camera takes on the ultimate coordination test at this public art installation in Germany üé•üèÉ‚Äç‚ôÇÔ∏è Shot on #GoProHERO12 Black with Max Lens Mod 2.0 by #GoProAthlete Jason Paul. #GoPro #GoProPOV #HyperSmooth #FreeRunning #Parkour #Balance #POV

For more GoPro videos, subscribe to our channel üëâ http://goo.gl/HgVXpQ GoPro HERO12 Black üëâ https://GoPro.com/HERO12

Shot 100% on GoPro

Music Courtesy of Epidemic Sound
https://www.epidemicsound.com/

For more from GoPro, follow us:
Facebook: https://www.facebook.com/gopro
Twitter: https://twitter.com/gopro
Instagram: https://instagram.com/gopro
TikTok: https://www.tiktok.com/@gopro
The Current: https://gopro.com/news
GoPro: https://gopro.com/channel/
#GoPro",120491713,3220420,26305,,"GoProHERO12,GoProAthlete,GoPro,GoProPOV,HyperSmooth,FreeRunning,Parkour,Balance,POV,GoPro","2023-09-12 14:00:20","14:00:20","2023-09-12"
14,kkDFB5ZU5VQ,youtube,video,"#GoPro #GoProHERO12 #HyperSmooth #GoProSurf #Surfing #Surf #SurfTrip

Capture. Charge. Chill. That‚Äôs all it takes to get incredible highlight videos sent to your phone. Simply plug your HERO12 in after a day of filming + relax as your content uploads to the cloud at 100% quality. The @quik app will edit your footage with beat-synced music + effects, then notify you when your personalized Auto Highlight Video is ready to watch + share. It's that easy.

Pre-order now at http://GoPro.com/HERO12

Shot 100% on GoPro

For more from GoPro, follow us:
Facebook: https://www.facebook.com/gopro
Twitter: https://twitter.com/gopro
Instagram: https://instagram.com/gopro
TikTok: https://www.tiktok.com/@gopro
The Current: https://gopro.com/news
GoPro: https://gopro.com/channel/
#GoPro",140818,6462,16,,"GoPro,GoProHERO12,HyperSmooth,GoProSurf,Surfing,Surf,SurfTrip,GoPro","2023-09-09 21:00:19","21:00:19","2023-09-09"
15,"7omRWJ2YEQk",youtube,video,"#GoPro #GoProHERO12 #HyperSmooth #Videography #Vlogging

Wireless audio for professional sound + extended range. HERO12 Black connects to Apple AirPods, Bluetooth earbuds, or other wireless mics. This new feature allows vloggers + creators to record audio from their connected device, in addition to the natural audio from the camera. You can also control HERO12 with Voice Control via your connected headset + hear camera alerts to ensure it's doing what you intended. After your get the shot, use playback mode + listen to the audio directly in your ears.

Pre-order now at https://GoPro.com/HERO12

Shot 100% on GoPro

For more from GoPro, follow us:
Facebook: https://www.facebook.com/gopro
Twitter: https://twitter.com/gopro
Instagram: https://instagram.com/gopro
TikTok: https://www.tiktok.com/@gopro
The Current: https://gopro.com/news
GoPro: https://gopro.com/channel/
#GoPro",131845,5288,38,,"GoPro,GoProHERO12,HyperSmooth,Videography,Vlogging,GoPro","2023-09-09 17:00:08","17:00:08","2023-09-09"
16,SnRjG46mNCk,youtube,video,"#GoPro #GoProHERO12 #GoProSurf #GoProMoto #HyperSmooth

HERO12 Black can take a beating. Straight out of the box, it's waterproof to 33ft (10m) + ready for thick mud, deep snow, + pounding surf. The replaceable lens cover also features a water-repellant coating that sheds water droplets to keep your shots crystal clear when you're in the water. Max Lens Mod 2.0 is no different, with a 2x more scratch resistant coating that's also hydrophobic + waterproof.

Pre-order HERO12 Black + Max Lens Mod 2.0 at https://GoPro.com/HERO12Bundle

Shot 100% on GoPro

For more from GoPro, follow us:
Facebook: https://www.facebook.com/gopro
Twitter: https://twitter.com/gopro
Instagram: https://instagram.com/gopro
TikTok: https://www.tiktok.com/@gopro
The Current: https://gopro.com/news
GoPro: https://gopro.com/channel/
#GoPro",204196,6214,16,,"GoPro,GoProHERO12,GoProSurf,GoProMoto,HyperSmooth,GoPro","2023-09-09 13:00:30","13:00:30","2023-09-09"
17,jcfgWl4aJwM,youtube,video,"HERO12 Black shines when the sun goes down. Its 3 Time Lapse Modes let you get creative in the dead of night, even with Max Lens Mod 2.0 attached. Alongside each Night Effects video you capture, HERO12 Black will also output a high-resolution photo for an easy way to share your masterpiece.

With the push of a button, you can capture:
üí´ Star Trails - Use the Earth‚Äôs rotation + stars to capture beautiful light trails across the night sky.
üé® Light Painting - Create brilliant brush stroke effects with moving light.
üöó Vehicle Light Trails - Blend night-time traffic to record stunning light trail shots.

Pre-order HERO12 Black + Max Lens Mod 2.0 at https://GoPro.com/HERO12Bundle

Shot 100% on GoPro

For more from GoPro, follow us:
Facebook: https://www.facebook.com/gopro
Twitter: https://twitter.com/gopro
Instagram: https://instagram.com/gopro
TikTok: https://www.tiktok.com/@gopro
The Current: https://gopro.com/news
GoPro: https://gopro.com/channel/
#GoPro",66915,4105,24,,GoPro,"2023-09-08 21:00:21","21:00:21","2023-09-08"
18,lRInd78mVkM,youtube,video,"Widest. Tallest. Ultimate POV. Upgrade your HERO12 Black by bundling it with the new Max Lens Mod 2.0. This lens attachment offers an industry-leading, 177¬∞ FOV at 4K60 in Max HyperView + 48% wider vertical video in Max SuperView, without the need to mount vertically. With Max Lens Mod 2.0 attached, you'll also see a 36% FOV increase in widescreen capture when compared to the standard HERO12 Black. You'll also unlock Max #HyperSmooth + 360¬∞ horizon lock in all resolutions + lenses. And if you're looking for slo-mo, try the new 1080p120 video for 1/4 speed footage at a maxed-out FOV. Like to get rough? Max Lens Mod 2.0 is hydrophobic + 2x more scratch resistant than its predecessor, while maintaining a slimmer profile.

Pre-order HERO12 Black + Max Lens Mod now at https://GoPro.com/HERO12Bundle

Shot 100% on GoPro

For more from GoPro, follow us:
Facebook: https://www.facebook.com/gopro
Twitter: https://twitter.com/gopro
Instagram: https://instagram.com/gopro
TikTok: https://www.tiktok.com/@gopro
The Current: https://gopro.com/news
GoPro: https://gopro.com/channel/
#GoPro",125509,6062,43,,"HyperSmooth,GoPro","2023-09-08 17:00:37","17:00:37","2023-09-08"
19,THFydLp_WZo,youtube,video,"#GoPro #GoProPOV #HyperSmooth #GoProSnow

Blown highlights + lost shadows are a thing of the past with the addition of High Dynamic Range (HDR) video modes in HERO12 Black. By exposing each video frame at 2 different levels + combining them into 1 balanced image, this new-to-GoPro setting captures details that might typically be lost in bright + dark areas of your footage. The result is life-like videos that replicate the high dynamic range of the human eyes üëÄ

Pre-order now at https://GoPro.com/HERO12

Shot 100% on GoPro

For more from GoPro, follow us:
Facebook: https://www.facebook.com/gopro
Twitter: https://twitter.com/gopro
Instagram: https://instagram.com/gopro
TikTok: https://www.tiktok.com/@gopro
The Current: https://gopro.com/news
GoPro: https://gopro.com/channel/
#GoPro",85558,3495,26,,"GoPro,GoProPOV,HyperSmooth,GoProSnow,GoPro","2023-09-08 13:30:09","13:30:09","2023-09-08"
20,I1SXZMOBr9c,youtube,video,"Shaky video is long gone. HyperSmooth 6.0 continues to raise the bar for in-camera video stabilization, giving you impossibly-smooth footage in every video mode, no matter how rough it gets. If you don't know how wild your ride will be, the upgraded AutoBoost offers more stabilization with less cropping‚Äîensuring you get the widest + smoothest shots possible. Enhanced 360¬∞ Horizon Lock also allows your camera to rotate a full 360¬∞ while still maintaining perfectly level footage with the Linear + HL Digital Lens. You won‚Äôt need a gimbal or stabilization software for pro-quality results.

Attach Max Lens Mod 2.0 if you want the highest stabilization possible on HERO12 Black with Max HyperSmooth. You‚Äôll also get Horizon Lock for all lenses, plus 1080p120 video for ultra stable 4x slo-mo footage with a maxed out FOV.

Pre-order HERO12 Black + Max Lens Mod 2.0 at https://GoPro.com/HERO12Bundle

Shot 100% on GoPro

For more from GoPro, follow us:
Facebook: https://www.facebook.com/gopro
Twitter: https://twitter.com/gopro
Instagram: https://instagram.com/gopro
TikTok: https://www.tiktok.com/@gopro
The Current: https://gopro.com/news
GoPro: https://gopro.com/channel/
#GoPro",98139,3145,18,,GoPro,"2023-09-07 21:00:07","21:00:07","2023-09-07"
21,vRQ22IKvwyw,youtube,video,"HERO12 Black delivers industry-leading quality + ultimate versatility in one package. Its immersive 8:7 sensor delivers ultra-high resolution 5.3K60 + 4K120 video. A new 4K Vertical Capture Mode for Reels, TikTok, + YouTube Shorts simplifies mounting + post production for social media creators. Want to slow things down? 240FPS modes enable ultra slow-mo at 1/8 the speed of real time. Then, there's High Dynamic Range video. HDR unlocks a realistic level of detail in your footage by exposing each frame to 2 different brightness levels + combining them into 1 balanced image. This new-to-GoPro setting lifts shadows + reduces highlights in a way that mimics what the human eye sees. #GoPro #GoProHERO12 #HyperSmooth #Videography

#ProTip: Enable our new GP-Log encoding LUT for maximum post-production control.

Pre-order now at https://GoPro.com/HERO12 Black.

Shot 100% on GoPro

For more from GoPro, follow us:
Facebook: https://www.facebook.com/gopro
Twitter: https://twitter.com/gopro
Instagram: https://instagram.com/gopro
TikTok: https://www.tiktok.com/@gopro
The Current: https://gopro.com/news
GoPro: https://gopro.com/channel/
#GoPro",53590,2464,24,,"GoPro,GoProHERO12,HyperSmooth,Videography,ProTip,GoPro","2023-09-07 17:00:36","17:00:36","2023-09-07"
22,SPOdpuUUGUU,youtube,video,"#GoPro #GoProHERO12 #HyperSmooth

Double the runtimes, double the memories. HERO12 Black‚Äôs power management has been reengineered from the ground up to deliver up to 2x longer continuous recording in our highest performance video modes. The dramatically more efficient processing allows you to film for 70 mins at 5.3K60 (HERO12's highest setting), over 1.5 hours at 5.3K30, + 2.5 hours at 1080p30. For all you powder hounds, the advanced technology of the included 1720mAh Enduro Battery significantly extends runtimes at colder temperatures over previous GoPro cameras + batteries to deliver up to 2x longer continuous recording, in our highest performance video modes, before hitting thermal limits.

Pre-order now at https://GoPro.com/HERO12

Shot 100% on GoPro

For more from GoPro, follow us:
Facebook: https://www.facebook.com/gopro
Twitter: https://twitter.com/gopro
Instagram: https://instagram.com/gopro
TikTok: https://www.tiktok.com/@gopro
The Current: https://gopro.com/news
GoPro: https://gopro.com/channel/
#GoPro",61179,2175,20,,"GoPro,GoProHERO12,HyperSmooth,GoPro","2023-09-07 13:00:32","13:00:32","2023-09-07"
23,UZ5G0tVwBkI,youtube,video,"This is everything you need to know about the new HERO12 Black. Best-in-class image quality + video stabilization come together with a huge boost in battery runtimes to bring you the most versatile, most capable, most feature-packed HERO camera ever.

üó£Ô∏è Global viewers, tap the settings icon in the bottom-right corner of the video to select an audio track for your preferred language.

Our new camera takes industry-leading 5.3K video + adds High Dynamic Range (HDR) to capture once-in-a-lifetime moments in even more detail. Thanks to the improved power management, HERO12 Black delivers 2x longer continuous recording at 5.3K60 (70 minutes). Tough, lightweight + easily mountable for hands-free recording, it‚Äôs ready for anything, all while advanced video stabilization from HyperSmooth 6.0 keeps your footage smooth in the roughest conditions. After recording, simply plug in your GoPro + your footage will automatically upload to the cloud. A highlight video will be sent to your phone that lets you relive your adventures + share the fun.

Pre-Order HERO12 Black: https://GoPro.com/HERO12
Pre-Order HERO12 Black + Max Lens Mod 2.0: https://GoPro.com/HERO12Bundle

Review what‚Äôs new:
00:00 - Introducing HERO12 Black
00:33 - The World's Most Versatile Camera
01:00 - Up to 2x Longer Continuous Runtimes
01:28 - HDR Video
01:46 - Video Resolutions
02:23 - Amazing Photos
02:52 - 8:7 Image Sensor
03:23 - HyperView Digital Lens
03:37 - HyperSmooth 6.0
04:15 - Max Lens Mod 2.0
05:41 - Pro-Level Imaging
06:37 - Pro Audio with Bluetooth Support
07:23 - Creative Modes
07:52 - Capture Modes
08:27 - Quik App + Auto-Highlight Videos

For more from GoPro, follow us:
Facebook: https://www.facebook.com/gopro
Twitter: https://twitter.com/gopro
Instagram: https://instagram.com/gopro
TikTok: https://www.tiktok.com/@gopro
The Current: https://gopro.com/news
GoPro: https://gopro.com/channel/
#GoPro #GoProHERO12 #HyperSmooth",1223307,32745,2955,,"GoPro,GoProHERO12,HyperSmooth","2023-09-06 13:00:12","13:00:12","2023-09-06"
24,"9scf7RaVdXk",youtube,video,"See ya ‚úåÔ∏è GoPro Subscriber Daniel Regan scored $1,000 for riding his MTB off this unique BASE exit in Switzerland. Shot on our 360 camera, #GoProMAX. #GoPro #GoProAwards #GoProMTB #HyperSmooth #BASE #BASEJumping #Bike #MTB

For more GoPro videos, subscribe to our channel üëâ http://goo.gl/HgVXpQ
GoPro MAX üëâ https://GoPro.com/MAX

Shot 100% on GoPro

For more from GoPro, follow us:
Facebook: https://www.facebook.com/gopro
Twitter: https://twitter.com/gopro
Instagram: https://instagram.com/gopro
TikTok: https://www.tiktok.com/@gopro
The Current: https://gopro.com/news
GoPro: https://gopro.com/channel/
#GoPro",2303899,78032,1056,,"GoProMAX,GoPro,GoProAwards,GoProMTB,HyperSmooth,BASE,BASEJumping,Bike,MTB,GoPro","2023-08-31 15:10:50","15:10:50","2023-08-31"
25,jZ4HlPMPN3M,youtube,video,"Have you ever wondered what it would look like to float amongst the clouds? If so, today is your lucky day because GoPro Awards recipient Kasey English did just that. Enjoy this POV from his GoPro MAX as he + a friend went skydiving in their wingsuits + surfed their way through the towering clouds above Venezuela.

--------------------------------------------------------
Products used in this video:
GoPro MAX 360 Camera: http://GoPro.com/MAX
Enduro Battery for MAX: http://GoPro.com/MAXEnduro
64GB SD Card: http://GoPro.com/64SD
--------------------------------------------------------

Shot 100% on GoPro: https://bit.ly/3R4muRO
Get stoked and subscribe: http://goo.gl/HgVXpQ

For more from GoPro, follow us:
Facebook: https://www.facebook.com/gopro
Twitter: https://twitter.com/gopro
Instagram: https://instagram.com/gopro
TikTok: https://www.tiktok.com/@gopro
The Current: https://gopro.com/news
GoPro: https://gopro.com/channel/
#GoPro #GoProMAX #HyperSmooth #POV #Wingsuiting #SkyDiving",68676,3153,151,,"GoPro,GoProMAX,HyperSmooth,POV,Wingsuiting,SkyDiving","2023-08-31 15:08:18","15:08:18","2023-08-31"
26,LRnpN1BMrE4,youtube,video,"Name a better place to pop a manual... üò§ #GoProAthlete Kilian Bron captured this wild #GoProMAX POV from his trip to Switzerland. #GoPro #GoProMTB #Bike #MTB #Biking #POV #Balance

For more GoPro videos, subscribe to our channel üëâ http://goo.gl/HgVXpQ
GoPro MAX 360 Camera üëâ https://GoPro.com/MAX

Shot 100% on GoPro

For more from GoPro, follow us:
Facebook: https://www.facebook.com/gopro
Twitter: https://twitter.com/gopro
Instagram: https://instagram.com/gopro
TikTok: https://www.tiktok.com/@gopro
The Current: https://gopro.com/news
GoPro: https://gopro.com/channel/
#GoPro",2974706,105144,356,,"GoProAthlete,GoProMAX,GoPro,GoProMTB,Bike,MTB,Biking,POV,Balance,GoPro","2023-08-29 14:00:12","14:00:12","2023-08-29"
27,GlgaJ7dFw64,youtube,video,"This is why you always keep your GoPro on you ü¶≠ A sleeping sea lion bumped into #GoProAthlete @pachalight in the wildlife haven of the Galapagos Islands. Shot on her #GoProHERO11 Black. #GoPro #GoProSurf #Surfing #Wildlife #SeaLion #Surf

For more GoPro videos, subscribe to our channel üëâ http://goo.gl/HgVXpQ
GoPro HERO11 Black üëâ https://GoPro.com/HERO11Black

Shot 100% on GoPro

Music Courtesy of Epidemic Sound
https://www.epidemicsound.com/

For more from GoPro, follow us:
Facebook: https://www.facebook.com/gopro
Twitter: https://twitter.com/gopro
Instagram: https://instagram.com/gopro
TikTok: https://www.tiktok.com/@gopro
The Current: https://gopro.com/news
GoPro: https://gopro.com/channel/
#GoPro",155836,4546,13,,"GoProAthlete,GoProHERO11,GoPro,GoProSurf,Surfing,Wildlife,SeaLion,Surf,GoPro","2023-08-29 14:00:11","14:00:11","2023-08-29"
28,t0r5utA7H50,youtube,video,"Practice makes perfect, even in the summer ‚õ∑Ô∏è GoPro Subscriber + Family member Anthony Robert rigged up our 360 camera, #GoProMAX, + showed us how to hit a jump while skiing #GoPro #HyperSmooth #GoProAwards #POV #SkiJump #BigAir

For more GoPro videos, subscribe to our channel üëâ http://goo.gl/HgVXpQ
GoPro MAX 360 Camera üëâ https://GoPro.com/MAX

Shot 100% on GoPro

For more from GoPro, follow us:
Facebook: https://www.facebook.com/gopro
Twitter: https://twitter.com/gopro
Instagram: https://instagram.com/gopro
TikTok: https://www.tiktok.com/@gopro
The Current: https://gopro.com/news
GoPro: https://gopro.com/channel/
#GoPro",255698,9523,19,,"GoProMAX,GoPro,HyperSmooth,GoProAwards,POV,SkiJump,BigAir,GoPro","2023-08-28 14:00:39","14:00:39","2023-08-28"
29,FG0vP41ZhOA,youtube,video,"It's every man for themselves on this man-made, white-water slide üòà Stu Telfer + company hopped in their boats + let gravity take over for this $1,000 GoPro Award. Shot on #GoProHERO11 Black Mini. #GoPro #POV #HyperSmooth #Kayak #Kayaking #Speed

For more GoPro videos, subscribe to our channel üëâ http://goo.gl/HgVXpQ
GoPro HERO11 Black üëâ https://GoPro.com/HERO11Black

Shot 100% on GoPro

For more from GoPro, follow us:
Facebook: https://www.facebook.com/gopro
Twitter: https://twitter.com/gopro
Instagram: https://instagram.com/gopro
TikTok: https://www.tiktok.com/@gopro
The Current: https://gopro.com/news
GoPro: https://gopro.com/channel/
#GoPro",53284852,1480355,11138,,"GoProHERO11,GoPro,POV,HyperSmooth,Kayak,Kayaking,Speed,GoPro","2023-08-27 14:00:08","14:00:08","2023-08-27"
30,-FTcgqs-bNw,youtube,video,"#GoProAthlete @remymetailler has graduated from mountain biking to cliff biking ü§Ø Peep his #GoProMAX POV from these back-to-back slabs in Squamish, BC. #GoPro #GoProMTB #POV #HyperSmooth #Bike #MTB

For more GoPro videos, subscribe to our channel üëâ http://goo.gl/HgVXpQ GoPro MAX 360 Camera üëâ https://GoPro.com/MAX

Shot 100% on GoPro

For more from GoPro, follow us:
Facebook: https://www.facebook.com/gopro
Twitter: https://twitter.com/gopro
Instagram: https://instagram.com/gopro
TikTok: https://www.tiktok.com/@gopro
The Current: https://gopro.com/news
GoPro: https://gopro.com/channel/
#GoPro",191908,7538,39,,"GoProAthlete,GoProMAX,GoPro,GoProMTB,POV,HyperSmooth,Bike,MTB,GoPro","2023-08-24 14:00:00","14:00:00","2023-08-24"
31,iR65LCZIo0U,youtube,video,"GoPro Million Dollar Challenge award recipient + big cat rehabilitation specialist @lisatorajaqueline captured a day in her life with Rei, the leopard cub, + scored $18,181 for her efforts. This is no African safari though, she uses #GoProHERO11 Black to document all of her ""re-wilding"" efforts to return + rehabilitate displaced, large African cats to their natural habitats. #GoPro #HyperSmooth #Leopard #Wildlife #WildlifePhotography #Africa #POV #BigCats

For more GoPro videos, subscribe to our channel üëâ http://goo.gl/HgVXpQ
GoPro HERO11 Black üëâ https://GoPro.com/HERO11Black

Shot 100% on GoPro

Music Courtesy of Epidemic Sound
https://www.epidemicsound.com/

For more from GoPro, follow us:
Facebook: https://www.facebook.com/gopro
Twitter: https://twitter.com/gopro
Instagram: https://instagram.com/gopro
TikTok: https://www.tiktok.com/@gopro
The Current: https://gopro.com/news
GoPro: https://gopro.com/channel/
#GoPro",140194,6692,29,,"GoProHERO11,GoPro,HyperSmooth,Leopard,Wildlife,WildlifePhotography,Africa,POV,BigCats,GoPro","2023-08-22 18:30:50","18:30:50","2023-08-22"
32,"0adXSaA3qtE",youtube,video,"No matter how you spin it, John Lavan's POV of Chase Reinford is wild üò§ His #GoProHERO11 Black headcam of this BASE jump in Italy scored him a $500 GoPro Award. #GoPro #HyperSmooth #BASE #BASEJumping #POV

For more GoPro videos, subscribe to our channel üëâ http://goo.gl/HgVXpQ
GoPro HERO11 Black üëâ https://GoPro.com/HERO11Black

Shot 100% on GoPro

For more from GoPro, follow us:
Facebook: https://www.facebook.com/gopro
Twitter: https://twitter.com/gopro
Instagram: https://instagram.com/gopro
TikTok: https://www.tiktok.com/@gopro
The Current: https://gopro.com/news
GoPro: https://gopro.com/channel/
#GoPro",172399,4624,29,,"GoProHERO11,GoPro,HyperSmooth,BASE,BASEJumping,POV,GoPro","2023-08-20 14:00:00","14:00:00","2023-08-20"
33,YDoCu0uILcU,youtube,video,"For a select group of humans, the ocean is where they call home. Josh Shankle + Rachel Moore departed from their land-based life in Ventura, California for a new journey on the deck + in the ocean. The adventure-fueled couple travels the world on the 42' Tayana sailboat named, ""Agapƒì"". Together they explore the most remote island chains, scuba + free dive with the most incredible wildlife, and get to appreciate the the immense beauty that covers 71% of our planet. Hop onboard and experience what it's like to live life without bounds + to follow only the wind and tides.

--------------------------------------------------------
Products used in this video:
HERO11 Black: https://GoPro.com/HERO11Black
Protective Housing: https://GoPro.com/ProtectiveHousing
The Handler Floating Grip: https://GoPro.com/Handler
El Grande: https://GoPro.com/shop/mounts-accessories/el-grande/AGXTS-001.html
Dive Master Filter Kit: https://GoPro.com/shop/mounts-accessories/polarpro-divemaster-filter-kit-protective-housing/APPRO-006.html
--------------------------------------------------------

Shot 100% on GoPro: https://bit.ly/3P0PyYR
Get stoked and subscribe: http://goo.gl/HgVXpQ

Music Courtesy of Epidemic Sound
https://www.epidemicsound.com/

For more from GoPro, follow us:
Facebook: https://www.facebook.com/gopro
Twitter: https://twitter.com/gopro
Instagram: https://instagram.com/gopro
TikTok: https://www.tiktok.com/@gopro
The Current: https://gopro.com/news
GoPro: https://gopro.com/channel/
#GoPro #GoProHERO11 #GoProTravel #Sailing #Sailboat #ScubaDiving",37575,1286,103,,"GoPro,GoProHERO11,GoProTravel,Sailing,Sailboat,ScubaDiving","2023-08-18 14:00:32","14:00:32","2023-08-18"
34,tQfgIV_JB-4,youtube,video,"A calculated yeet ü™Ç Would you let your friends fling you into flight while skydiving like GoPro Subscriber Kasey English + Sam dyer? Shot on our 360 camera, #GoProMAX. #GoPro #HyperSmooth #Wingsuit #POV #Skydiving #Skydive

For more GoPro videos, subscribe to our channel üëâ http://goo.gl/HgVXpQ
GoPro MAX üëâ https://GoPro.com/MAX

Shot 100% on GoPro

Music Courtesy of Epidemic Sound
https://www.epidemicsound.com/

For more from GoPro, follow us:
Facebook: https://www.facebook.com/gopro
Twitter: https://twitter.com/gopro
Instagram: https://instagram.com/gopro
TikTok: https://www.tiktok.com/@gopro
The Current: https://gopro.com/news
GoPro: https://gopro.com/channel/
#GoPro",114713,3527,19,,"GoProMAX,GoPro,HyperSmooth,Wingsuit,POV,Skydiving,Skydive,GoPro","2023-08-15 17:30:14","17:30:14","2023-08-15"
35,jJmU6A0ZfIY,youtube,video,"Friends come in all shapes + sizes üê¨ GoPro Subscriber Sayaka Muramoto went freediving alongside a curious group of dolphins off the coast of Okinawa, Japan. #GoPro #GoProSelfie #Dolphins #Diving #FreeDiving #WildlifePhotography #Wildlife

For more GoPro videos, subscribe to our channel üëâ http://goo.gl/HgVXpQ
GoPro HERO11 Black üëâ https://GoPro.com/HERO11Black

Shot 100% on GoPro

For more from GoPro, follow us:
Facebook: https://www.facebook.com/gopro
Twitter: https://twitter.com/gopro
Instagram: https://instagram.com/gopro
TikTok: https://www.tiktok.com/@gopro
The Current: https://gopro.com/news
GoPro: https://gopro.com/channel/
#GoPro",96116,4218,26,,"GoPro,GoProSelfie,Dolphins,Diving,FreeDiving,WildlifePhotography,Wildlife,GoPro","2023-08-14 21:15:00","21:15:00","2023-08-14"
36,_L2WJfgtuY8,youtube,video,"This isn't sped up ü§Ø #GoProAwards recipient Zach Clayton scored $500 for the ultimate, high-speed mountain biking run through the forests of Park City, Utah üí® #GoPro #GoProMTB #Bike #MTB #DownhillMTB #Speed

For more GoPro videos, subscribe to our channel üëâ http://goo.gl/HgVXpQ
GoPro MAX 360 Camera üëâ https://GoPro.com/MAX

Shot 100% on GoPro

For more from GoPro, follow us:
Facebook: https://www.facebook.com/gopro
Twitter: https://twitter.com/gopro
Instagram: https://instagram.com/gopro
TikTok: https://www.tiktok.com/@gopro
The Current: https://gopro.com/news
GoPro: https://gopro.com/channel/
#GoPro",125010,5322,58,,"GoProAwards,GoPro,GoProMTB,Bike,MTB,DownhillMTB,Speed,GoPro","2023-08-13 19:24:02","19:24:02","2023-08-13"
37,bEE1lGtadb4,youtube,video,"GoPro Award recipient Fred Fugen, Aur√©lien Chatard, + Vincent Cotte have seen what very few people will ever get to‚Äîthe top of the Egyptian pyramids. These masters of skydiving + base jumping exited a helicopter thousands of feet above Egypt. After bursting through the wall of clouds, the trio built their formation and buzzed by one of the 7 wonders of the world, just as planned. Shot on our 360¬∞ camera, GoPro MAX.

--------------------------------------------------------
Products used in this video:
GoPro MAX: https://GoPro.com/MAX
Enduro Battery for MAX: https://GoPro.com/MAXEnduro
64GB SD Card: https://GoPro.com/64SD
--------------------------------------------------------

Shot 100% on GoPro: https://bit.ly/3QwCvj7
Get stoked and subscribe: http://goo.gl/HgVXpQ

Music Courtesy of Epidemic Sound
https://www.epidemicsound.com/

For more from GoPro, follow us:
Facebook: https://www.facebook.com/gopro
Twitter: https://twitter.com/gopro
Instagram: https://instagram.com/gopro
TikTok: https://www.tiktok.com/@gopro
The Current: https://gopro.com/news
GoPro: https://gopro.com/channel/
#GoPro #GoProMAX #Skydiving #Wingsuiting #Egypt #Pyramids #BASE",109664,2049,100,,"GoPro,GoProMAX,Skydiving,Wingsuiting,Egypt,Pyramids,BASE","2023-08-11 19:07:02","19:07:02","2023-08-11"
38,OGR6WZHP31w,youtube,video,"Flying your drone through the Scripps Pier is one of the many great things to do in San Diego. #GoProFPV Pilot Cole Parker's mastery on the FPV drone control sticks during this perfect La Jolla sunset earned him a $500 GoPro Award. Shot on #GoProHERO11 Black Mini. #GoPro #HyperSmooth #SanDiego #FPV #FPVDrone

For more GoPro videos, subscribe to our channel üëâ http://goo.gl/HgVXpQ
GoPro HERO11 Black Mini üëâ https://GoPro.com/HERO11Mini

Shot 100% on GoPro

Music Courtesy of Epidemic Sound
https://www.epidemicsound.com/

For more from GoPro, follow us:
Facebook: https://www.facebook.com/gopro
Twitter: https://twitter.com/gopro
Instagram: https://instagram.com/gopro
TikTok: https://www.tiktok.com/@gopro
The Current: https://gopro.com/news
GoPro: https://gopro.com/channel/
#GoPro",82535,3596,26,,"GoProFPV,GoProHERO11,GoPro,HyperSmooth,SanDiego,FPV,FPVDrone,GoPro","2023-08-10 14:11:41","14:11:41","2023-08-10"
39,Fq2gvUi9pZI,youtube,video,"Staring contest üëÅÔ∏è GoPro Subscriber Joaquin Fregoni was approached by one of the largest creatures on the planet + went eye-to-eye in this $1,000 clip. Thanks for submitting your incredible 4K underwater wildlife footage to the ""Get Wet, Get Paid"" challenge at GoPro.com/Awards. #GoPro #GoProAwards #WhaleWatching #Whale #HumpbackWhale #WildlifePhotography

For more GoPro videos, subscribe to our channel üëâ http://goo.gl/HgVXpQ
GoPro HERO11 Black üëâ https://GoPro.com/HERO11Black

Shot 100% on GoPro

Music Courtesy of Epidemic Sound
https://www.epidemicsound.com/

For more from GoPro, follow us:
Facebook: https://www.facebook.com/gopro
Twitter: https://twitter.com/gopro
Instagram: https://instagram.com/gopro
TikTok: https://www.tiktok.com/@gopro
The Current: https://gopro.com/news
GoPro: https://gopro.com/channel/
#GoPro",82286,4204,40,,"GoPro,GoProAwards,WhaleWatching,Whale,HumpbackWhale,WildlifePhotography,GoPro","2023-08-06 15:00:17","15:00:17","2023-08-06"
40,ELPVQ1kaDBQ,youtube,video,"An inside look at life amongst the herd as the group of sheep make moves across the farm üëÄ Shot on #GoProHERO11 Black by GoPro Awards recipient + Benn Whitehead while herding. #GoPro #HyperSmooth #GoProAwards #Sheep #SheepHerding #Farm #Farming #Ranch

For more GoPro videos, subscribe to our channel üëâ http://goo.gl/HgVXpQ
GoPro HERO11 Black üëâ https://GoPro.com/HERO11Black

Shot 100% on GoPro

Music Courtesy of Epidemic Sound
https://www.epidemicsound.com/

For more from GoPro, follow us:
Facebook: https://www.facebook.com/gopro
Twitter: https://twitter.com/gopro
Instagram: https://instagram.com/gopro
TikTok: https://www.tiktok.com/@gopro
The Current: https://gopro.com/news
GoPro: https://gopro.com/channel/
#GoPro",73726,2433,18,,"GoProHERO11,GoPro,HyperSmooth,GoProAwards,Sheep,SheepHerding,Farm,Farming,Ranch,GoPro","2023-08-05 15:00:08","15:00:08","2023-08-05"
41,rKZLa0pzyBY,youtube,video,"Some people dream about driving fast, but GoPro Million Dollar Challenge Award recipient Luca Arici puts rubber to the asphalt. An experienced driver himself, he took a seat behind the wheel of a gas-powered kart with HERO11 Black mounted to his crash helmet. Strap in to experience his POV of a lap full of drifting through high speed corners at his home track in Trento, Italy. Next stop, the F1 grid.

--------------------------------------------------------
Products used in this video:
HERO11 Black: https://GoPro.com/HERO11Black
Enduro Battery: https://GoPro.com/Enduro
Adhesive Mounts: https://GoPro.com/shop/mounts-accessories/curved-plus-flat-adhesive-mounts/AACFT-001.html
64GB SD Card: https://GoPro.com/64SD
--------------------------------------------------------

Shot 100% on GoPro: https://bit.ly/3DJ9cCm
Get stoked and subscribe: http://goo.gl/HgVXpQ

Music Courtesy of Epidemic Sound
https://www.epidemicsound.com/

For more from GoPro, follow us:
Facebook: https://www.facebook.com/gopro
Twitter: https://twitter.com/gopro
Instagram: https://instagram.com/gopro
TikTok: https://www.tiktok.com/@gopro
The Current: https://gopro.com/news
GoPro: https://gopro.com/channel/
#GoPro #GoProHERO11 #Racing #GoKart #POV #HyperSmooth #GoKarting",39424,1234,72,,"GoPro,GoProHERO11,Racing,GoKart,POV,HyperSmooth,GoKarting","2023-08-04 14:00:39","14:00:39","2023-08-04"
42,uswk2wlX4eE,youtube,video,"#GoProFamily member Victor De Valles was out for a dive in the caves surrounding Ibiza when he stumbled upon this perfect column of light. This kind of natural underwater lighting is his speciality + he sure did take advantage. Feast your eyes on his stunning #GoProHERO11 Black footage from the crystal-clear Spanish waters. #GoPro #GoProAwards #HyperSmooth #Diving #FreeDiving #Ibiza

For more GoPro videos, subscribe to our channel üëâ http://goo.gl/HgVXpQ
GoPro HERO11 Black üëâ https://GoPro.com/HERO11Black

Shot 100% on GoPro

Music Courtesy of Epidemic Sound
https://www.epidemicsound.com/

For more from GoPro, follow us:
Facebook: https://www.facebook.com/gopro
Twitter: https://twitter.com/gopro
Instagram: https://instagram.com/gopro
TikTok: https://www.tiktok.com/@gopro
The Current: https://gopro.com/news
GoPro: https://gopro.com/channel/
#GoPro",39714,2189,18,,"GoProFamily,GoProHERO11,GoPro,GoProAwards,HyperSmooth,Diving,FreeDiving,Ibiza,GoPro","2023-08-03 16:20:00","16:20:00","2023-08-03"
43,"7ua253Er28o",youtube,video,"Wait for it... We mounted a GoPro to the wing of a Top Fuel car to experience the raw power of accelerating to 300 miles per hour in just 5 seconds during a drag race. The results blew us away, and tried to blow the camera away. Want to see more drag racing? #GoPro #GoProMoto #DragRacing #Racing #Dragster #TopFuel #NHRA

For more GoPro videos, subscribe to our channel üëâ http://goo.gl/HgVXpQ
GoPro HERO11 Black üëâ https://GoPro.com/HERO11Black

Shot 100% on GoPro

For more from GoPro, follow us:
Facebook: https://www.facebook.com/gopro
Twitter: https://twitter.com/gopro
Instagram: https://instagram.com/gopro
TikTok: https://www.tiktok.com/@gopro
The Current: https://gopro.com/news
GoPro: https://gopro.com/channel/
#GoPro",178740,6166,56,,"GoPro,GoProMoto,DragRacing,Racing,Dragster,TopFuel,NHRA,GoPro","2023-08-02 14:00:08","14:00:08","2023-08-02"
44,ruDqYT9ikOw,youtube,video,"Joining the pack ü¶à ""Get Wet, Get Paid"" challenge award recipient Tatsuro Yamada went scuba diving alongside this shiver of sharks + earned $1,000 for submitting the #GoProHERO11 Black encounter to GoPro.com/Awards. #GoPro #SharkWeek #Sharks #HammerheadShark #Shark #Hammerhead

For more GoPro videos, subscribe to our channel üëâ http://goo.gl/HgVXpQ
GoPro HERO11 Black üëâ https://GoPro.com/HERO11Black

Shot 100% on GoPro

Music Courtesy of Epidemic Sound
https://www.epidemicsound.com/

For more from GoPro, follow us:
Facebook: https://www.facebook.com/gopro
Twitter: https://twitter.com/gopro
Instagram: https://instagram.com/gopro
TikTok: https://www.tiktok.com/@gopro
The Current: https://gopro.com/news
GoPro: https://gopro.com/channel/
#GoPro",44881,2259,11,,"GoProHERO11,GoPro,SharkWeek,Sharks,HammerheadShark,Shark,Hammerhead,GoPro","2023-07-30 14:00:39","14:00:39","2023-07-30"
45,ZdZbw-whe7Q,youtube,video,"Lights, camera, cash ü§ë GoPro Million Dollar Challenge award recipient Zack Zhao earned $18,181 for this wild showcase of hand-eye coordination with a Chinese yoyo. Shot on #GoProHERO11 Black. #GoPro #GoProAwards #HyperSmooth #Juggling #Diabolo #Taipei

For more GoPro videos, subscribe to our channel üëâ http://goo.gl/HgVXpQ
GoPro HERO11 Black üëâ https://GoPro.com/HERO11Black

Shot 100% on GoPro

Music Courtesy of Epidemic Sound
https://www.epidemicsound.com/

For more from GoPro, follow us:
Facebook: https://www.facebook.com/gopro
Twitter: https://twitter.com/gopro
Instagram: https://instagram.com/gopro
TikTok: https://www.tiktok.com/@gopro
The Current: https://gopro.com/news
GoPro: https://gopro.com/channel/
#GoPro",41188,1242,11,,"GoProHERO11,GoPro,GoProAwards,HyperSmooth,Juggling,Diabolo,Taipei,GoPro","2023-07-29 14:00:34","14:00:34","2023-07-29"
46,Vk4JOQ0MUT0,youtube,video,"GoPro Athlete Anthony Walsh hails from Australia's Gold Coast, but it can be hard to pin down his exact location as his surf travel takes him around the world in search of the best waves + empty lineups. We caught up with him in Indonesia for a sunrise session of hollow barrels, glassy conditions, + beautiful visions.

--------------------------------------------------------
Products used in this video:
HERO11 Black Mini: https://GoPro.com/HERO11Mini
Surfboard Mounts: https://GoPro.com/shop/mounts-accessories/surfboard-camera-mounts/ASURF-001.html
Bite Mount: https://GoPro.com/shop/mounts-accessories/bite-mount/ABITM-001.html
Handler Floating Grip: https://GoPro.com/Handler
--------------------------------------------------------

Shot 100% on GoPro: https://bit.ly/3Yf5gSY
Get stoked and subscribe: http://goo.gl/HgVXpQ

Music Courtesy of Epidemic Sound
https://www.epidemicsound.com/

For more from GoPro, follow us:
Facebook: https://www.facebook.com/gopro
Twitter: https://twitter.com/gopro
Instagram: https://instagram.com/gopro
TikTok: https://www.tiktok.com/@gopro
The Current: https://gopro.com/news
GoPro: https://gopro.com/channel/
#GoPro #GoProHERO11 #GoProSurf #HyperSmooth #Surfing #Surf #Indonesia",42996,1408,41,,"GoPro,GoProHERO11,GoProSurf,HyperSmooth,Surfing,Surf,Indonesia","2023-07-28 19:34:36","19:34:36","2023-07-28"
47,amoDlBEND0U,youtube,video,"It's a Sharknado üå™Ô∏èüòµ‚Äçüí´ GoPro Subscriber Joshua Shankle hopped in the water for this mesmerizing video + is taking home $1,000 for submitting it to the ""Get Wet, Get Paid"" challenge at GoPro.com/Awards. #GoPro #HyperSmooth #GoProAwards #GoProHERO11 #Sharks #Shark #FreeDiving

For more GoPro videos, subscribe to our channel üëâ http://goo.gl/HgVXpQ
GoPro HERO11 Black üëâ https://GoPro.com/HERO11Black

Music Courtesy of Epidemic Sound
https://www.epidemicsound.com/

For more from GoPro, follow us:
Facebook: https://www.facebook.com/gopro
Twitter: https://twitter.com/gopro
Instagram: https://instagram.com/gopro
TikTok: https://www.tiktok.com/@gopro
The Current: https://gopro.com/news
GoPro: https://gopro.com/channel/
#GoPro",39391,2338,30,,"GoPro,HyperSmooth,GoProAwards,GoProHERO11,Sharks,Shark,FreeDiving,GoPro","2023-07-26 14:00:02","14:00:02","2023-07-26"
48,"4sDq7TjHrSE",youtube,video,"GoPro Awards recipient David Rauchenberger has created the most unique GoPro production sets the world has ever seen. Last year was the ""Million Dollar Challenge Machine"", so what would you call this year's? He spent weeks ideating on how to build a film set that could incorporate bullet-time + slo mo videos into one shot and this is what the master-builder came up with. Oh yeah, he also earned a $18,181 GoPro Award for his efforts via a second appearance in the Million Dollar Challenge Highlight üëâ https://youtu.be/0VfW6-1DM8Y

--------------------------------------------------------
Products used in this video:
HERO11 Black: https://GoPro.com/HERO11Black
HERO11 Black Mini: https://GoPro.com/HERO11Mini
64GB SD Card: https://GoPro.com/64SD
Enduro Battery: https://GoPro.com/Enduro
--------------------------------------------------------

Shot 100% on GoPro: https://bit.ly/44z1xCo
Get stoked and subscribe: http://goo.gl/HgVXpQ

Music Courtesy of Music Bed
https://www.musicbed.com/

For more from GoPro, follow us:
Facebook: https://www.facebook.com/gopro
Twitter: https://twitter.com/gopro
Instagram: https://instagram.com/gopro
TikTok: https://www.tiktok.com/@gopro
The Current: https://gopro.com/news
GoPro: https://gopro.com/channel/
#GoPro #GoProAwards #HyperSmooth #SloMo #SlowMotion #BulletTime",20808,743,56,,"GoPro,GoProAwards,HyperSmooth,SloMo,SlowMotion,BulletTime","2023-07-24 14:00:06","14:00:06","2023-07-24"
49,hAf2PJf6ScI,youtube,video,"The beauty + importance of these apex predators of the sea cannot be overstated. #GoProFamily member Alex Kydd takes us up close + personal for an encounter with a large white shark on a recent free dive in Australia's Neptune Islands. #GoPro #HyperSmooth #Shark #Sharks #Diving #SharkDiving

For more GoPro videos, subscribe to our channel üëâ http://goo.gl/HgVXpQ
GoPro HERO11 Black üëâ https://GoPro.com/HERO11Black

Shot 100% on GoPro

Music Courtesy of Epidemic Sound
https://www.epidemicsound.com/

For more from GoPro, follow us:
Facebook: https://www.facebook.com/gopro
Twitter: https://twitter.com/gopro
Instagram: https://instagram.com/gopro
TikTok: https://www.tiktok.com/@gopro
The Current: https://gopro.com/news
GoPro: https://gopro.com/channel/
#GoPro",87593,2755,43,,"GoProFamily,GoPro,HyperSmooth,Shark,Sharks,Diving,SharkDiving,GoPro","2023-07-23 14:00:26","14:00:26","2023-07-23"
50,DT-M1PoCmFg,youtube,video,"üó£Ô∏è Let's go golfing ‚õ≥Ô∏è #GoProFamily member Jay Christensen put his #GoProFPV talents to the test when he decided to hit the golf course + track a race drone behind a tee shot. The results will blow your mind ü§Ø Shot on #GoProHERO11 Black. #GoPro #HyperSmooth #GoProAwards #Golf #Golfing #LasVegas #Vegas

Special thanks to Wynn Hotels.

For more GoPro videos, subscribe to our channel üëâ http://goo.gl/HgVXpQ
GoPro HERO11 Black üëâ https://GoPro.com/HERO11Black

Shot 100% on GoPro

Music Courtesy of Epidemic Sound
https://www.epidemicsound.com/

For more from GoPro, follow us:
Facebook: https://www.facebook.com/gopro
Twitter: https://twitter.com/gopro
Instagram: https://instagram.com/gopro
TikTok: https://www.tiktok.com/@gopro
The Current: https://gopro.com/news
GoPro: https://gopro.com/channel/
#GoPro",75111,1953,18,,"GoProFamily,GoProFPV,GoProHERO11,GoPro,HyperSmooth,GoProAwards,Golf,Golfing,LasVegas,Vegas,GoPro","2023-07-22 14:00:08","14:00:08","2023-07-22"
51,"7286605136984624430",tiktok,video,Spa day üíÖ Just your daily reminder that our cameras clean up nice #gopro #carwash #carwashing #fyp #pov #wash ,5728,434,20,0,"gopro,carwash,carwashing,fyp,pov,wash","2023-10-05 22:29:38","22:29:38","2023-10-05"
52,"7286108175550434603",tiktok,video,Happy World Animal Day üêò Share this with a friend to celebrate. Captured by @JC Pieri #gopro #elephant #africa #safari #stampede #closecall #elephants #wildlifephotography ,7073,467,12,3,"gopro,elephant,africa,safari,stampede,closecall,elephants,wildlifephotography","2023-10-04 14:21:18","14:21:18","2023-10-04"
53,"7285006864960572715",tiktok,video,Human slingshot engaged ü¶Ö POV from Sajid Chougle‚Äôs #GoProMAX in Norway. #gopro #pov #base #basejump #basejumping #slingshot ,1700000,57100,278,535,"GoProMAX,gopro,pov,base,basejump,basejumping,slingshot","2023-10-01 15:07:32","15:07:32","2023-10-01"
54,"7283888109685804334",tiktok,video,Full speed ahead with @Korbinian_Engstler üí® #gopro #bike #mtb #downhillmtb #speed #mountainbike #mountainbiking #pov,503800,20000,181,866,"gopro,bike,mtb,downhillmtb,speed,mountainbike,mountainbiking,pov","2023-09-28 14:46:11","14:46:11","2023-09-28"
55,"7283189455513537834",tiktok,video,Timing is eveything üèåÔ∏è‚Äç‚ôÇÔ∏è #GoProFPV by @Jay Christensen #gopro #fpv #fpvdrone #goof #golftok #golfing #golftiktok #golftips ,691900,54500,139,636,"GoProFPV,gopro,fpv,fpvdrone,goof,golftok,golfing,golftiktok,golftips","2023-09-26 17:35:03","17:35:03","2023-09-26"
56,"7282145102137396522",tiktok,video,Welcome to Norway ü™Ç üé¨ @Villo‚Äô with #GoProMAX ,4300000,247200,1265,3829,GoProMAX,"2023-09-23 22:02:22","22:02:22","2023-09-23"
57,"7280975935405346091",tiktok,video,"Sounds pretty nice right about now üå¥ Captired by Tahiti local, Stephane Mailion. #gopro #travel #traveltiktok #traveltok #travelbucketlist #tahiti #vacation ",37600,1710,39,32,"gopro,travel,traveltiktok,traveltok,travelbucketlist,tahiti,vacation","2023-09-20 18:25:22","18:25:22","2023-09-20"
58,"7280582886305090862",tiktok,video,Heat check üî• @Sebastian Schieren took his #GoProHERO12 Black in for a lava durability test and we passed with flying colors. #gopro #volcano #fpv #fpvdrone #lava #eruption #iceland,52400,2951,37,30,"GoProHERO12,gopro,volcano,fpv,fpvdrone,lava,eruption,iceland","2023-09-19 17:00:07","17:00:07","2023-09-19"
59,"7276585771966942507",tiktok,video,"Replying to @Laura Kane We redsigned our imaging pipeline, firmware, + software from the ground up so that HERO12 can provide 2x longer continuous runtimes for higher performance modes before the camera reaches its thermal limits. That means 70 mins of recording at 5.3K60‚Äîour highest setting üí™ @Villo‚Äô on the bike ",75100,3040,52,10,"","2023-09-08 22:29:19","22:29:19","2023-09-08"
60,"7276159452577975598",tiktok,video,Replying to @Smoky motors why would you want a HERO11 instead of the new HERO12 Black anyways? ü§™ #gopro #dubai #travel #timelapse #citylife ,77800,4105,110,5,"gopro,dubai,travel,timelapse,citylife","2023-09-07 18:55:08","18:55:08","2023-09-07"
61,"7275696993685572906",tiktok,video,Meet #GoProHERO12 Black üì∑ Our most feature packed HERO camera ever. Pre-order now at GoPro.com/HERO12.,87700,4622,197,221,GoProHERO12,"2023-09-06 13:00:25","13:00:25","2023-09-06"
62,"7273926113653574955",tiktok,video,The smallest + lightest camera in our lineup üòè #gopro #axe #lumberjack #broken #pov #fyp ,524200,37900,361,54,"gopro,axe,lumberjack,broken,pov,fyp","2023-09-01 18:28:30","18:28:30","2023-09-01"
63,"7273481210888834350",tiktok,video,See ya ‚úåÔ∏èBike + BASE by Daniel Regan. #gopro #BASE #BASEjump #pov #mtb #mountainbike ,36100000,1100000,17400,11600,"gopro,BASE,BASEjump,pov,mtb,mountainbike","2023-08-31 13:42:06","13:42:06","2023-08-31"
64,"7272886125297962286",tiktok,video,Name a better spot for a manual‚Ä¶ @Kilian Bron will probably go there üí™ #gopro #gopromtb #mtb #mtblife #mountianbike #pov #bike #balance ,5800000,322700,1319,3180,"gopro,gopromtb,mtb,mtblife,mountianbike,pov,bike,balance","2023-08-29 23:12:46","23:12:46","2023-08-29"
65,"7272368254763502891",tiktok,video,"Practice makes perfect, even in the summer üí™ Shot on #GoProMAX by @Anthony Robert. #gopro #bigair #skijumping #skijump #pov #speed",1100000,46000,166,96,"GoProMAX,gopro,bigair,skijumping,skijump,pov,speed","2023-08-28 13:43:29","13:43:29","2023-08-28"
66,"7272043520553192746",tiktok,video,It‚Äôs every man for themselves üòà Shot on #GoProHERO11 Black Mini by Stu Telfer + company. #gopro #pov #speed #kayaking #race #racing #BC #vancouver ,59600000,3300000,23800,83500,"GoProHERO11,gopro,pov,speed,kayaking,race,racing,BC,vancouver","2023-08-27 16:43:02","16:43:02","2023-08-27"
67,"7271372221413739818",tiktok,video,We had to do it for science ü™ì How should we try to destroy our cameras next? #gopro #goprohero11 #destroyed #axe #lumberjack ,183000,4662,106,15,"gopro,goprohero11,destroyed,axe,lumberjack","2023-08-25 21:18:04","21:18:04","2023-08-25"
68,"7271030878623567150",tiktok,video,Replying to @Zach Richardson Ask + you shall receive üèåÔ∏è‚Äç‚ôÇÔ∏è #gopro #goprohero11 #golf #golftok #golfing #golftiktok ,192100,6616,54,19,"gopro,goprohero11,golf,golftok,golfing,golftiktok","2023-08-24 23:13:32","23:13:32","2023-08-24"
69,"7270307021382126894",tiktok,video,GoPro vs Golf Ball ü•ä How should we try to destroy our cameras next? üèåÔ∏è‚Äç‚ôÇÔ∏è @AJ Sjostrom. #gopro #golf #golftok #golftiktok #stinger #golfing #,196900,9947,55,9,"gopro,golf,golftok,golftiktok,stinger,golfing","2023-08-23 00:24:34","00:24:34","2023-08-23"
70,"7268423771839663403",tiktok,video,The good-est boy in town üê∂üêï Shot on #GoProHERO11 Black. #gopro #dog #dogsoftiktok #goldenretrieverlife #goldenretrievers #puppy ,153100,3149,29,27,"GoProHERO11,gopro,dog,dogsoftiktok,goldenretrieverlife,goldenretrievers,puppy","2023-08-17 22:36:35","22:36:35","2023-08-17"
71,"7267704765360917806",tiktok,video,"Yeeted him ü¶Ö Fun times with Kasey English, Sam Dyer, + #GoProMAX. #gopro #skydiving #wingsuit #yeeted #skydive #pov ",136000,3630,25,30,"GoProMAX,gopro,skydiving,wingsuit,yeeted,skydive,pov","2023-08-16 00:06:29","00:06:29","2023-08-16"
72,"7267317141316078890",tiktok,video,Need for speed üí® @Zach Clayton doesnt even need brakes on his MTB. Shot on #GoProMAX. #gopro #bike #mtb #biking #mountainbike #pov ,605500,38700,320,572,"GoProMAX,gopro,bike,mtb,biking,mountainbike,pov","2023-08-14 23:02:17","23:02:17","2023-08-14"
73,"7266092492318166315",tiktok,video,"A flight fit for Pharaohs üëë Flown by @fredfugenSF, Vincent Cotte, + Aur√©lien Chatard with #GoProMAX. #gopro #wingsuit #skydive #skydiving #egypt #pyramids ",1000000,43600,359,502,"GoProMAX,gopro,wingsuit,skydive,skydiving,egypt,pyramids","2023-08-11 15:50:04","15:50:04","2023-08-11"
74,"7263572417841270058",tiktok,video,Just another day at the office for Benn Whitehead‚Äôs pup ü´° #gopro #gopropets #dog #dogsoftiktok #sheepdog #sheepherding #goprohero11 ,153300,8259,59,90,"gopro,gopropets,dog,dogsoftiktok,sheepdog,sheepherding,goprohero11","2023-08-04 20:50:51","20:50:51","2023-08-04"
75,"7262778302316989742",tiktok,video,Into the depths with @Victor de Valles + his HERO11 Black. Did you nake it until the end? ü´Å #gopro #goprohero11 #freediving #diving #ibiza #breathing #breathhold ,102100,2494,71,19,"gopro,goprohero11,freediving,diving,ibiza,breathing,breathhold","2023-08-02 17:29:18","17:29:18","2023-08-02"
76,"7262123947225828650",tiktok,video,"üö® GIVEAWAY üö® What‚Äôs your rig? We want to see the craziest, most creative, + most out-there camera set up that you‚Äôve used. Our 4 favorites will snag a brand new HERO11 Black kit. To enter, duet this video + show us your most creative camera rig (all rigs are welcome!). The 4 winners will be announced + contacted on 8/7. #gopro #goprohero11 #giveaway #videography #fyp ",165100,11600,161,87,"gopro,goprohero11,giveaway,videography,fyp","2023-07-31 23:10:06","23:10:06","2023-07-31"
77,"7260975703758212394",tiktok,video,"If you didn‚Äôt know @Jaron, now you do üòé #gopro #gopromax #imjarons #caught #caughtoncamera #pov #fyp",117600,5521,53,17,"gopro,gopromax,imjarons,caught,caughtoncamera,pov,fyp","2023-07-28 20:54:19","20:54:19","2023-07-28"
78,"7260228566246378795",tiktok,video,#SharkWeek throwback to #GoProFamily member @Andy B Casagrande IV‚Äôs hammerhead dorsal cam üò± The contraption he used to attach his GoPro to the fin had an auto-release function set to a defined time so as to not cause any harm to the shark. This allowed researchers to safely study the movement patterns of this incredible species in a safe + responsible way. #gopro #shark #sharks #hammerheadshark #sharkencounter #fyp ,311100,25200,110,86,"SharkWeek,GoProFamily,gopro,shark,sharks,hammerheadshark,sharkencounter,fyp","2023-07-26 20:35:00","20:35:00","2023-07-26"
79,"7259445276807826734",tiktok,video,"Fish are friends, not food üëç @Alex Kydd takes us up close + personal with an adult great white shark. #gopro #shark #sharks #sharkweek #greatwhiteshark #sharkdiver #sharkdiving ",92900,2747,28,14,"gopro,shark,sharks,sharkweek,greatwhiteshark,sharkdiver,sharkdiving","2023-07-24 17:55:38","17:55:38","2023-07-24"
80,"7258009290890349867",tiktok,video,The goodest boy + a creative GoPro mount üêïü•∫  Shot by @LukeBell with #GoProHERO11 Black Mini. #gopro #dogs #dog #pets #dogsoftiktok #dogtok #puppy ,772500,29100,109,73,"GoProHERO11,gopro,dogs,dog,pets,dogsoftiktok,dogtok,puppy","2023-07-20 21:03:03","21:03:03","2023-07-20"
81,"7257265095061835050",tiktok,video,"Just a relaxing, casual ride for Fran P√©rez + Andy Sch√ºler üòé POV from #GoProHERO11 Black. #gopro #gopromtb #bike #mtb #mountainbike #mountainbiking #heights #fyp  ",7700000,372100,10600,23800,"GoProHERO11,gopro,gopromtb,bike,mtb,mountainbike,mountainbiking,heights,fyp","2023-07-18 20:55:11","20:55:11","2023-07-18"
82,"7256923546490916138",tiktok,video,"Summer hacks, BBQ edition üçªüé• Fun times at @GoPro Mountain Games #gopro #partytrick #bbq #cooler #colorado #gopromtngames #goprohero11 #creative #grill #cookout ",1200000,148300,246,654,"gopro,partytrick,bbq,cooler,colorado,gopromtngames,goprohero11,creative,grill,cookout","2023-07-17 22:49:56","22:49:56","2023-07-17"
83,"7255772547466136874",tiktok,video,Once-in-a-lifetime wave for @Pedro Boonman + #GoProHERO11 Black ü§§ #gopro #surfing #surf #barrel #barreled #skeletonbay #skeletonbarrel #namibia ,142100,12000,72,83,"GoProHERO11,gopro,surfing,surf,barrel,barreled,skeletonbay,skeletonbarrel,namibia","2023-07-14 20:23:23","20:23:23","2023-07-14"
84,"7254617134309838123",tiktok,video,Alex DiCecco has a lot of friends üòÆ This crew of 200 gathered in the sky to attempt the head-down freefly world record... #gopro #skydiving #skydive #pov #fyp  ,110700,5766,129,53,"gopro,skydiving,skydive,pov,fyp","2023-07-11 17:39:46","17:39:46","2023-07-11"
85,"3185858905270734580",instagram,video,"Meet #GoProHERO12 Black üì∑ Best-in-class image quality + video stabilization come together with a huge boost in battery performance to bring you the most versatile, capable, feature-packed HERO camera ever.

‚úîÔ∏è Up to 2x Longer Continuous Runtimes
‚úîÔ∏è New High Dynamic Range (HDR) Video + Photo
‚úîÔ∏è 5.3K60, 4K120, + 2.7K240 (8x slo-mo)
‚úîÔ∏è 27MP Photos with RAW Capture + 24.7MP Video Frame Grabs
‚úîÔ∏è Immersive 8:7 Sensor‚ÄîBuilt for Simultaneous Vertical + Horizontal Capture
‚úîÔ∏è Emmy¬Æ Award-Winning #HyperSmooth 6.0 Stabilization with Improved AutoBoost + 360¬∞ Horizon Lock
‚úîÔ∏è New Vertical Capture Mode
‚úîÔ∏è Max Lens Mod 2.0 Ready for an Industry-Leading 177¬∞ FOV in 4K60
‚úîÔ∏è Rugged + Waterproof to 33ft (10m) Out of the Box
‚úîÔ∏è Large Front LCD + Rear Touch Screen
‚úîÔ∏è 10-bit Color + New GP-Log Encoding with LUT
‚úîÔ∏è New Bluetooth Audio Connectivity for Wireless Microphones
‚úîÔ∏è New Timecode Sync for Multi-Camera Editing
‚úîÔ∏è Night Effects Now with Still Images
‚úîÔ∏è 5 Digital Lenses
‚úîÔ∏è Updated Power Tools
‚úîÔ∏è Improved UI for Easy + Pro Controls
‚úîÔ∏è New Interval Photo Mode with Optimized Metering for Action + Selfies
‚úîÔ∏è Built-In Mounting Flexibility with new 1/4-20 Compatibility
‚úîÔ∏è Long-Lasting Enduro Cold-Weather Battery
‚úîÔ∏è Mod Ready
‚úîÔ∏è Webcam Mode + Live Streaming

Enhanced by a GoPro Subscription:
‚úîÔ∏è Auto-Highlight Videos Sent to Your Phone
‚úîÔ∏è Unlimited Cloud Backup at 100% Quality + Auto Uploads
‚úîÔ∏è No-Questions-Asked Camera Replacement
‚úîÔ∏è Up to 50% off at GoPro.com
‚úîÔ∏è 50% off Your First Year of GoPro Subscription When Bundled with HERO12 Black

Pre-order HERO12 Black + Max Lens Mod 2.0 at GoPro.com/HERO12. Link in bio.",790298,51993,1802,,"GoProHERO12,HyperSmooth","2023-09-06 13:00:03","13:00:03","2023-09-06"
86,"3190930741277707142",instagram,video,"The new #GoProHERO12 Black is available now in stores + on GoPro.com üé•

‚úîÔ∏è Up to 2x Longer Continuous Runtimes
‚úîÔ∏è New High Dynamic Range (HDR) Video + Photo
‚úîÔ∏è 5.3K60, 4K120, + 2.7K240 (8x slo-mo)
‚úîÔ∏è 27MP Photos with RAW Capture + 24.7MP Video Frame Grabs
‚úîÔ∏è Immersive 8:7 Sensor‚ÄîBuilt for Simultaneous Vertical + Horizontal Capture
‚úîÔ∏è Emmy¬Æ Award-Winning #HyperSmooth 6.0 Stabilization with Improved AutoBoost + 360¬∞ Horizon Lock
‚úîÔ∏è New Vertical Capture Mode
‚úîÔ∏è Max Lens Mod 2.0 Ready for an Industry-Leading 177¬∞ FOV in 4K60
‚úîÔ∏è Rugged + Waterproof to 33ft (10m) Out of the Box
‚úîÔ∏è Large Front LCD + Rear Touch Screen
‚úîÔ∏è 10-bit Color + New GP-Log Encoding with LUT
‚úîÔ∏è New Bluetooth Audio Connectivity for Wireless Microphones
‚úîÔ∏è New Timecode Sync for Multi-Camera Editing
‚úîÔ∏è Night Effects Now with Still Images
‚úîÔ∏è 5 Digital Lenses
‚úîÔ∏è Updated Power Tools
‚úîÔ∏è Improved UI for Easy + Pro Controls
‚úîÔ∏è New Interval Photo Mode with Optimized Metering for Action + Selfies
‚úîÔ∏è Built-In Mounting Flexibility with new 1/4-20 Compatibility
‚úîÔ∏è Long-Lasting Enduro Cold-Weather Battery
‚úîÔ∏è Mod Ready
‚úîÔ∏è Webcam Mode + Live Streaming

Enhanced by a GoPro Subscription:
‚úîÔ∏è Auto-Highlight Videos Sent to Your Phone
‚úîÔ∏è Unlimited Cloud Backup at 100% Quality + Auto Uploads
‚úîÔ∏è No-Questions-Asked Camera Replacement
‚úîÔ∏è Up to 50% off at GoPro.com

HERO12 Black + Max Lens Mod 2.0 are available now at GoPro.com/HERO12. Link in bio.",86452,11234,156,,"GoProHERO12,HyperSmooth","2023-09-13 12:43:14","12:43:14","2023-09-13"
87,"3191746489247119071",instagram,video,"#GoProHERO12 Black is The Official Camera of Fun‚Äîbuilt for the laughs, the smiles, the nerves, the anticipation, + the celebration. If it‚Äôs fun, we‚Äôre there üòé HERO12 Black is available now in stores + on GoPro.com.

#GoPro #HyperSmooth #GoProPOV #GoProSnow #GoProSurf #GoProMoto #GoProSelfie",63944,6532,72,,"GoProHERO12,GoPro,HyperSmooth,GoProPOV,GoProSnow,GoProSurf,GoProMoto,GoProSelfie","2023-09-14 15:43:52","15:43:52","2023-09-14"
88,"3207612591286365809",instagram,image,"Photo of the Day: Relax, it's the weekend üèùÔ∏è Snapped by GoPro Subscriber + vacation enjoyer @soultonic71 for a $500 GoPro Award.

@goproanz #GoProANZ #GoPro #GoProTravel #Tropics #CookIslands #Travel #TravelPhotography",,10504,39,,"GoProANZ,GoPro,GoProTravel,Tropics,CookIslands,Travel,TravelPhotography","2023-10-06 13:00:41","13:00:41","2023-10-06"
89,"3207068824419161300",instagram,image,"Photo of the Day: Follow the leader üöÄ #GoProAwards recipient @erickk_3ee was ready for the Ultimate POV Challenge at GoPro.com/Awards.

We have $50,000 up for grabs until the end of the year. Submit your POV photos + videos to the Ultimate POV Challenge for a shot at the cash.

#GoPro #GoProPOV #GoProMoto #POV #BigAir #Motocross #FMX #Palmdale #California",,7056,19,,"GoProAwards,GoPro,GoProPOV,GoProMoto,POV,BigAir,Motocross,FMX,Palmdale,California","2023-10-05 19:00:20","19:00:20","2023-10-05"
90,"3206929457636776594",instagram,video,"$50,000 for our community üí∞ The ‚ÄúUltimate POV Challenge‚Äù is here‚Äîshow us life through your lens for the opportunity to earn a feature + your share of the cash. We‚Äôll select our favorite POV content submitted to GoPro.com/Awards. Videos will score up to $1,000 + up to $500 for photos. 

#ProTip: HERO12 Black + Max Lens Mod 2.0 make the Ultimate POV Camera. The ultra-wide lens attachment unlocks an industry leading 177¬∞ FOV for impossibly immersive POV content.

üé¨ @stu.telfer, @ztc770, @vagabond_of_the_sea, @stephanemailion, @jeremynicollin

#GoPro #GoProHERO12 #HyperSmooth #POV",178988,18147,85,,"ProTip,GoPro,GoProHERO12,HyperSmooth,POV","2023-10-05 14:26:08","14:26:08","2023-10-05"
91,"3206182284859021962",instagram,video,"Happy World Animal Day üêò #GoProAwards recipient @jcpieri had his GoPro set up for Kenyan rush hour + was not disappointed with the footage when he returned to pick up his camera.

Reminder: Never approach wildlife. If you‚Äôre lucky enough that it approaches you or your GoPro, make sure you‚Äôre recording üôå

#GoPro #Elephants #Elephant #Africa #Wildlife #WildlifePhotography",93807,20002,97,,"GoProAwards,GoPro,Elephants,Elephant,Africa,Wildlife,WildlifePhotography","2023-10-04 13:42:49","13:42:49","2023-10-04"
92,"3205639297159313238",instagram,image,"Photo of the Day: Hole-y moly, what a view üåä Snapped by $500 GoPro Award recipient @tr_style10.

GoPro Subscribers earn 2x the cash on all awarded submissions. Xavier scored 2x $250 for submitting this to the Photo of the Day challenge at GoPro.com/Awards.

@goproit #GoProIT #GoPro #GoProTravel #OverUnder #Travel #Italy #TravelPhotography",,14503,32,,"GoProIT,GoPro,GoProTravel,OverUnder,Travel,Italy,TravelPhotography","2023-10-03 19:40:07","19:40:07","2023-10-03"
93,"3205497410775040108",instagram,video,"Meet Hyphen. Shot on #GoPro
¬†
Hyphen is a revolutionary ‚Äòcobot‚Äô (collaborative robot), an automated assistant designed to work in tandem with Chipotle team members. Hyphen is being tuned to craft perfectly portioned burrito bowls and salads along an automated makeline, while a crew member makes burritos, tacos, and quesadillas above the line.
¬†
Chipotle‚Äôs investment in Hyphen originates from Cultivate Next, a $50 million fund targeting early-stage innovations that align with Chipotle‚Äôs mission to Cultivate a Better World.
¬†
Around 65% of Chipotle‚Äôs digital orders consist of bowls or salads, so with Hyphen on board, team members would be freed up to focus on guest experiences, while increasing the amount of digital orders during peak periods. 

Kewl beans",934127,30733,1566,,GoPro,"2023-10-03 15:01:43","15:01:43","2023-10-03"
94,"3204875258656204133",instagram,image,"Photo of the Day: Your unemployed friends on a Monday üåÑ Snapped by @oskars_yg_'s #GoProFPV drone for a $500 GoPro Award.

@gopronordics #GoProNordics #GoPro #GoProAwards #Sunrise #Silhouette #Norway #Fjords",,17546,40,,"GoProFPV,GoProNordics,GoPro,GoProAwards,Sunrise,Silhouette,Norway,Fjords","2023-10-02 18:22:07","18:22:07","2023-10-02"
95,"3204169680524383287",instagram,image,"Photo of the Day: Soak it all in üí¶üåø Snapped by #GoProAwards recipient @simojuulborring. 

Every Photo of the Day feature comes with a $250 payment. GoPro Subscribers earn 2x the cash üëâ GoPro.com/Awards

@goproid #GoProID #GoPro #GoProTravel #Travel #TravelPhotography #Waterfall #Indo #Java #Indonesia",,21246,48,,"GoProAwards,GoProID,GoPro,GoProTravel,Travel,TravelPhotography,Waterfall,Indo,Java,Indonesia","2023-10-01 19:00:16","19:00:16","2023-10-01"
96,"3204042080652294382",instagram,video,"Slingshot engaged üöÄ $500 #GoProAwards recipient @sajidneo lives life to the fullest. Shot on our 360¬∞ camera, #GoProMAX, above the Fjords of Norway.

@gopronordics #GoProNordics #GoPro #HyperSmooth #BASE #BASEJumping #Norway #Fjords",1316131,91525,283,,"GoProAwards,GoProMAX,GoProNordics,GoPro,HyperSmooth,BASE,BASEJumping,Norway,Fjords","2023-10-01 14:48:41","14:48:41","2023-10-01"
