"id","video_id","channel_title","video_title","video_description","view_count","like_count","favorite_count","comments_count","hashtags","video_post_datetime","video_post_date","video_post_time","channel_id"
1,Im8HPvQ0yys,GoPro,"GoPro: Sending a Guitar to Space | World-First Live Music Performance (""STRATOSFEAR"" - KWOON)","GoPro Awards recipient ""KWOON"" is one talented + creative musician. His dream is to play live music in the most spectacular places on Earth‚Äîin nature, the wild, + where nobody has played a guitar solo before. In this iteration of his dream, KWOON performed a live recording of a new song while his chrome guitar floated 101,000 feet into space via a weather balloon. Thanks to GPS tracking, he was able to find the landing site + recover the GoPro + its footage so you could enjoy this music video from the stratosphere.

--------------------------------------------------------
Recommended Gear:
HERO12 Black: https://GoPro.com/HERO12
Protective Housing: https://GoPro.com/ProtectiveHousing
Enduro Battery: https://GoPro.com/Enduro
--------------------------------------------------------

Shot 100% on GoPro: https://GoPro.com/
Get stoked and subscribe: http://goo.gl/HgVXpQ

Music Courtesy of Epidemic Sound
https://www.epidemicsound.com/


For more from GoPro, follow us:
Facebook: https://www.facebook.com/gopro
Twitter: https://twitter.com/gopro
Instagram: https://instagram.com/gopro
TikTok: https://www.tiktok.com/@gopro
The Current: https://gopro.com/news
GoPro: https://gopro.com/channel/
#GoPro #HyperSmooth #Space #Guitar #Music",9059,517,0,64,"GoPro,HyperSmooth,Space,Guitar,Music","2023-10-06 20:15:01","2023-10-06","20:15:01",UCqhnX4jA0A5paNd1v-zEysw
2,a9PdU9xQeXk,GoPro,GoPro | Herd of Elephants Nearly Stomp on Camera üé¨ JC Pieri #Elephants #Shorts,It's rush hour on the Kenyan plains üêò $500 #GoProAwards recipient JC Pieri had his GoPro ready for the herd + was not disappointed with the footage when he returned to pick up his camera. #GoPro #Elephant #Africa #Wildlife #wildlifephotography,36251,2211,0,15,"GoProAwards,GoPro,Elephant,Africa,Wildlife,wildlifephotography","2023-10-02 14:00:00","2023-10-02","14:00:00",UCqhnX4jA0A5paNd1v-zEysw
3,sB60FSm6fcw,GoPro,GoPro | Human Slingshot into BASE Jump üé¨ Sajid Chougle #BASE #BASEJumping #Shorts,"$500 #GoProAwards recipient Sajid Chougle lives life to the fullest. He slung himself into flight with this unique contraption above the Fjords of Norway. Shot on our 360¬∞ camera, #GoProMAX. #GoPro #HyperSmooth #BASE #BASEJumping #Norway #Fjords",283265,14688,0,66,"GoProAwards,GoProMAX,GoPro,HyperSmooth,BASE,BASEJumping,Norway,Fjords","2023-10-01 14:00:38","2023-10-01","14:00:38",UCqhnX4jA0A5paNd1v-zEysw
4,XBoqsmBYG4Q,GoPro,GoPro | NHRA Drag Racing POV in Las Vegas üé¨ #Racing #LasVegas #Shorts,"GoPro | NHRA Drag Racing POV in Las Vegas üé¨ #Racing #LasVegas #Shorts

#GoProHERO12 Black + funny car ü§ù Hop onboard with Ron Capps Motorsports for a blazing fast 1/4 mile drag race at the Las Vegas Motor Speedway üèÅ #Vegas #LasVegas #Racing #DragRacing #Speed #NHRA",91775,4889,0,15,"Racing,LasVegas,Shorts,GoProHERO12,Vegas,LasVegas,Racing,DragRacing,Speed,NHRA","2023-09-29 14:00:19","2023-09-29","14:00:19",UCqhnX4jA0A5paNd1v-zEysw
5,"0h1aX7fQn3Y",GoPro,Redemption After Spinal Injury | Full Circle (2023) | Official Trailer | Trevor Kennison,"#GoPro #GoProSnow #HyperSmooth #Skiing #SitSkiBoss

A feature documentary from Level 1, coming to theaters Fall 2023. Find a screening near you and learn more at https://fullcirclefilm.co/

Faced with a traumatic injury that renders you permanently disabled, how would you reinvent yourself? In 2014, Trevor Kennison's life was forever altered by a broken back - for worse and for better, in equal measures.

Full Circle is both an unblinking examination of the challenges of life after spinal cord injury... and a celebration of the opportunity for growth that such a tragedy can present.

Featuring Trevor Kennison and Barry Corbet. A Level 1 Production, in association with Abramorama and XYZ Films. Directed by Josh Berman, and made possible with support from Eddie Bauer, Volkl Skis, SPY+, Fat Tire, CMH Heli Skiing, GoPro, Jackson Hole, Ikon Pass, High Fives Foundation, the KHR Family Fund, and Darn Tough VT.

Follow Level 1 Productions: https://www.instagram.com/level1/
Follow Trevor Kennison: https://www.instagram.com/trevor_kennison/
Find a screening near you and learn more at https://fullcirclefilm.co/
For more from GoPro, check out The Current: https://gopro.com/news",19630,788,0,33,"GoPro,GoProSnow,HyperSmooth,Skiing,SitSkiBoss","2023-09-29 13:00:02","2023-09-29","13:00:02",UCqhnX4jA0A5paNd1v-zEysw
6,tvjdwJg-Kfg,GoPro,GoPro | High-Speed MTB Manual Follow Cam üé¨ Korbinian Engstler #MTB #POV #Shorts,Could you keep up with Korbinian Engstler? üö≤üí® This high-speed mountain biking manual + speed run scored him a quick $500. #GoPro #GoProPOV #GoProMTB #HyperSmooth #Bike #DownhillMTB #POV #Speed #Austria,229196,17915,0,79,"GoPro,GoProPOV,GoProMTB,HyperSmooth,Bike,DownhillMTB,POV,Speed,Austria","2023-09-28 16:30:53","2023-09-28","16:30:53",UCqhnX4jA0A5paNd1v-zEysw
7,Qom3kEymw_M,GoPro,GoPro | Blind BASE Jump Through Clouds POV üé¨ Antoni Villoni #Shorts,"Wait for the reveal üòÆ You'll usually find #GoProAthlete Antoni Villoni on a MTB, but today he was jumping from a 3,600 ft cliff in Norway. Shot with 360¬∞ Video Mode on #GoProMAX. #GoPro #GoProPOV #HyperSmooth #BASE #BASEJumping #Norway #Lysefjord

Shot 100% on GoPro

For more from GoPro, follow us:
Facebook: https://www.facebook.com/gopro
Twitter: https://twitter.com/gopro
Instagram: https://instagram.com/gopro
TikTok: https://www.tiktok.com/@gopro
The Current: https://gopro.com/news
GoPro: https://gopro.com/channel/
#GoPro",2311976,136742,0,472,"GoProAthlete,GoProMAX,GoPro,GoProPOV,HyperSmooth,BASE,BASEJumping,Norway,Lysefjord,GoPro","2023-09-23 14:00:31","2023-09-23","14:00:31",UCqhnX4jA0A5paNd1v-zEysw
8,RgwU5ePYu5A,GoPro,GoPro: Kayaking the Steepest Rideable Waterfall Section in the World | Dane Jackson,"Freestyle Kayak World Champion, Dane Jackson has a flair for the extreme, which is why he traveled to Santo Domingo, Mexico to tame the rapids of the mighty Angel Wings Falls. With 4 waterfalls spanning 300 vertical feet in just 1/5 mile, this section of river is the steepest navigable whitewater sequence in the world. The first drop of the series is Angel Wings Falls. Clocking in at 80ft, it demands perfection + confidence‚ÄîDane's forte. Strap into the boat for his HERO12 Black POV of this beautiful + one-of-a-kind water feature.

--------------------------------------------------------
Products used in this video:
HERO12 Black: https://GoPro.com/HERO12
Max Lens Mod 2.0: https://GoPro.com/MaxLensMod2
Floaty: https://GoPro.com/shop/mounts-accessories/floaty-floating-camera-case/ADFLT-001.html
Adhesive Mounts: https://GoPro.com/shop/mounts-accessories/curved-plus-flat-adhesive-mounts/AACFT-001.html
--------------------------------------------------------

Shot 100% on GoPro: https://GoPro.com/
Get stoked and subscribe: http://goo.gl/HgVXpQ

Music Courtesy of Epidemic Sound
https://www.epidemicsound.com/

For more from GoPro, follow us:
Facebook: https://www.facebook.com/gopro
Twitter: https://twitter.com/gopro
Instagram: https://instagram.com/gopro
TikTok: https://www.tiktok.com/@gopro
The Current: https://gopro.com/news
GoPro: https://gopro.com/channel/
#GoPro #GoProPOV #GoProFPV #HyperSmooth #Kayak #Waterfall",47684,1317,0,43,"GoPro,GoProPOV,GoProFPV,HyperSmooth,Kayak,Waterfall","2023-09-22 17:08:03","2023-09-22","17:08:03",UCqhnX4jA0A5paNd1v-zEysw
9,K4KUzJe4DRc,GoPro,GoPro | Biking Down a River Bed POV üé¨ ReÃÅmy MeÃÅtailler #Shorts,"Slippery when wet ‚ö†Ô∏è #GoProAthlete @remymetailler seems to find grip where no others can on this soaking wet trail in Quebec City. Shot on #GoProMAX. #GoPro #GoProPOV #HyperSmooth #GoProMTB #Bike #MTB #POV #DownhillMTB

Shot 100% on GoPro

For more from GoPro, follow us:
Facebook: https://www.facebook.com/gopro
Twitter: https://twitter.com/gopro
Instagram: https://instagram.com/gopro
TikTok: https://www.tiktok.com/@gopro
The Current: https://gopro.com/news
GoPro: https://gopro.com/channel/
#GoPro",308957,17322,0,86,"GoProAthlete,GoProMAX,GoPro,GoProPOV,HyperSmooth,GoProMTB,Bike,MTB,POV,DownhillMTB,GoPro","2023-09-21 14:00:13","2023-09-21","14:00:13",UCqhnX4jA0A5paNd1v-zEysw
10,HzVJVIXGedc,GoPro,GoPro | Experimental Rocket Car Speed Run üé¨ Bob Maddox #Shorts,"#GoProHERO12 Black experienced the thrill of his triple valveless pulsejet rocket car in Nevada's Black Rock Desert. Safe to say that Bob is living his best life üòé #GoPro #HyperSmooth #GoProMoto #SaltFlats #Nevada #Speed

For more GoPro videos, subscribe to our channel üëâ http://goo.gl/HgVXpQ
GoPro HERO12 Black üëâ https://GoPro.com/HERO12

Shot 100% on GoPro

Music Courtesy of Epidemic Sound
https://www.epidemicsound.com/

For more from GoPro, follow us:
Facebook: https://www.facebook.com/gopro
Twitter: https://twitter.com/gopro
Instagram: https://instagram.com/gopro
TikTok: https://www.tiktok.com/@gopro
The Current: https://gopro.com/news
GoPro: https://gopro.com/channel/
#GoPro",231050,11751,0,74,"GoProHERO12,GoPro,HyperSmooth,GoProMoto,SaltFlats,Nevada,Speed,GoPro","2023-09-19 14:30:06","2023-09-19","14:30:06",UCqhnX4jA0A5paNd1v-zEysw
11,lWt1EgIpWPQ,GoPro,GoPro | Drone Flies Into Erupting Volcano üé¨ Sebastian Schieren #Shorts,"GoPro Awards recipient Sebastian Schieren took his #GoProFPV drone in for a closer view of this eruption when he traveled to Iceland #GoPro #HyperSmooth #FPV #Iceland #Volcano #Lava

For more GoPro videos, subscribe to our channel üëâ http://goo.gl/HgVXpQ
GoPro HERO12 Black üëâ https://GoPro.com/HERO12

Shot 100% on GoPro: https://GoPro.com

For more from GoPro, follow us:
Facebook: https://www.facebook.com/gopro
Twitter: https://twitter.com/gopro
Instagram: https://instagram.com/gopro
TikTok: https://www.tiktok.com/@gopro
The Current: https://gopro.com/news
GoPro: https://gopro.com/channel/
#GoPro",225590,12803,0,97,"GoProFPV,GoPro,HyperSmooth,FPV,Iceland,Volcano,Lava,GoPro","2023-09-17 19:32:05","2023-09-17","19:32:05",UCqhnX4jA0A5paNd1v-zEysw
12,"3Rve-rP2wkI",GoPro,GoPro: First Ever Cliffhanger Front Flip | POV + BTS from The Nines MTB 2023,"Every year, the world's most talented mountain biking athletes gather at The Swatch Nines to push the limits of the sport on a one-of-a-kind jump line. This year, GoPro Athlete Bienvenido Aguado took freestyle biking to the next level by stomping the world's first Cliffhanger Front Flip. Join us for a behind-the-scenes look at what all goes down to make a historic trick like this come to fruition. Special thanks to Casey Brown, Elias Ruso, Sam Reynolds, + Nicholi Rogatkin for all of the coverage from Green Hill Bikepark in Germany.

--------------------------------------------------------
Products used in this video:
HERO12 Black: https://GoPro.com/HERO12
Max Lens Mod 2.0: https://GoPro.com/MaxLensMod2
Enduro Battery: https://GoPro.com/Enduro
Chesty: https://GoPro.com/shop/mounts-accessories/chesty/AGCHM-001.html
Adhesive Mounts: https://GoPro.com/shop/mounts-accessories/curved-plus-flat-adhesive-mounts/AACFT-001.html
--------------------------------------------------------

Shot 100% on GoPro: https://gopro.com/
Get stoked and subscribe: http://goo.gl/HgVXpQ

Music Courtesy of Epidemic Sound
https://www.epidemicsound.com/

For more from GoPro, follow us:
Facebook: https://www.facebook.com/gopro
Twitter: https://twitter.com/gopro
Instagram: https://instagram.com/gopro
TikTok: https://www.tiktok.com/@gopro
The Current: https://gopro.com/news
GoPro: https://gopro.com/channel/
#GoPro #GoProHERO12 #GoProMTB #MTB #MountainBiking",39557,1414,0,49,"GoPro,GoProHERO12,GoProMTB,MTB,MountainBiking","2023-09-15 18:15:00","2023-09-15","18:15:00",UCqhnX4jA0A5paNd1v-zEysw
13,_oK1LAqIv3U,GoPro,GoPro | The Ultimate Coordination Test üé¨ Jason Paul #Shorts,"The ultimate POV camera takes on the ultimate coordination test at this public art installation in Germany üé•üèÉ‚Äç‚ôÇÔ∏è Shot on #GoProHERO12 Black with Max Lens Mod 2.0 by #GoProAthlete Jason Paul. #GoPro #GoProPOV #HyperSmooth #FreeRunning #Parkour #Balance #POV

For more GoPro videos, subscribe to our channel üëâ http://goo.gl/HgVXpQ GoPro HERO12 Black üëâ https://GoPro.com/HERO12

Shot 100% on GoPro

Music Courtesy of Epidemic Sound
https://www.epidemicsound.com/

For more from GoPro, follow us:
Facebook: https://www.facebook.com/gopro
Twitter: https://twitter.com/gopro
Instagram: https://instagram.com/gopro
TikTok: https://www.tiktok.com/@gopro
The Current: https://gopro.com/news
GoPro: https://gopro.com/channel/
#GoPro",120491713,3220420,0,26305,"GoProHERO12,GoProAthlete,GoPro,GoProPOV,HyperSmooth,FreeRunning,Parkour,Balance,POV,GoPro","2023-09-12 14:00:20","2023-09-12","14:00:20",UCqhnX4jA0A5paNd1v-zEysw
14,kkDFB5ZU5VQ,GoPro,GoPro | HERO12 Black üì∑ Automatic Highlight Videos Sent to Your Phone,"#GoPro #GoProHERO12 #HyperSmooth #GoProSurf #Surfing #Surf #SurfTrip

Capture. Charge. Chill. That‚Äôs all it takes to get incredible highlight videos sent to your phone. Simply plug your HERO12 in after a day of filming + relax as your content uploads to the cloud at 100% quality. The @quik app will edit your footage with beat-synced music + effects, then notify you when your personalized Auto Highlight Video is ready to watch + share. It's that easy.

Pre-order now at http://GoPro.com/HERO12

Shot 100% on GoPro

For more from GoPro, follow us:
Facebook: https://www.facebook.com/gopro
Twitter: https://twitter.com/gopro
Instagram: https://instagram.com/gopro
TikTok: https://www.tiktok.com/@gopro
The Current: https://gopro.com/news
GoPro: https://gopro.com/channel/
#GoPro",140818,6462,0,16,"GoPro,GoProHERO12,HyperSmooth,GoProSurf,Surfing,Surf,SurfTrip,GoPro","2023-09-09 21:00:19","2023-09-09","21:00:19",UCqhnX4jA0A5paNd1v-zEysw
15,"7omRWJ2YEQk",GoPro,GoPro | HERO12 Black üì∑ New Bluetooth Audio Support,"#GoPro #GoProHERO12 #HyperSmooth #Videography #Vlogging

Wireless audio for professional sound + extended range. HERO12 Black connects to Apple AirPods, Bluetooth earbuds, or other wireless mics. This new feature allows vloggers + creators to record audio from their connected device, in addition to the natural audio from the camera. You can also control HERO12 with Voice Control via your connected headset + hear camera alerts to ensure it's doing what you intended. After your get the shot, use playback mode + listen to the audio directly in your ears.

Pre-order now at https://GoPro.com/HERO12

Shot 100% on GoPro

For more from GoPro, follow us:
Facebook: https://www.facebook.com/gopro
Twitter: https://twitter.com/gopro
Instagram: https://instagram.com/gopro
TikTok: https://www.tiktok.com/@gopro
The Current: https://gopro.com/news
GoPro: https://gopro.com/channel/
#GoPro",131845,5288,0,38,"GoPro,GoProHERO12,HyperSmooth,Videography,Vlogging,GoPro","2023-09-09 17:00:08","2023-09-09","17:00:08",UCqhnX4jA0A5paNd1v-zEysw
16,SnRjG46mNCk,GoPro,GoPro | HERO12 Black üì∑ Waterproof + Ultra Durable,"#GoPro #GoProHERO12 #GoProSurf #GoProMoto #HyperSmooth

HERO12 Black can take a beating. Straight out of the box, it's waterproof to 33ft (10m) + ready for thick mud, deep snow, + pounding surf. The replaceable lens cover also features a water-repellant coating that sheds water droplets to keep your shots crystal clear when you're in the water. Max Lens Mod 2.0 is no different, with a 2x more scratch resistant coating that's also hydrophobic + waterproof.

Pre-order HERO12 Black + Max Lens Mod 2.0 at https://GoPro.com/HERO12Bundle

Shot 100% on GoPro

For more from GoPro, follow us:
Facebook: https://www.facebook.com/gopro
Twitter: https://twitter.com/gopro
Instagram: https://instagram.com/gopro
TikTok: https://www.tiktok.com/@gopro
The Current: https://gopro.com/news
GoPro: https://gopro.com/channel/
#GoPro",204196,6214,0,16,"GoPro,GoProHERO12,GoProSurf,GoProMoto,HyperSmooth,GoPro","2023-09-09 13:00:30","2023-09-09","13:00:30",UCqhnX4jA0A5paNd1v-zEysw
17,jcfgWl4aJwM,GoPro,GoPro | HERO12 Black üì∑ Updated Night Effects,"HERO12 Black shines when the sun goes down. Its 3 Time Lapse Modes let you get creative in the dead of night, even with Max Lens Mod 2.0 attached. Alongside each Night Effects video you capture, HERO12 Black will also output a high-resolution photo for an easy way to share your masterpiece.

With the push of a button, you can capture:
üí´ Star Trails - Use the Earth‚Äôs rotation + stars to capture beautiful light trails across the night sky.
üé® Light Painting - Create brilliant brush stroke effects with moving light.
üöó Vehicle Light Trails - Blend night-time traffic to record stunning light trail shots.

Pre-order HERO12 Black + Max Lens Mod 2.0 at https://GoPro.com/HERO12Bundle

Shot 100% on GoPro

For more from GoPro, follow us:
Facebook: https://www.facebook.com/gopro
Twitter: https://twitter.com/gopro
Instagram: https://instagram.com/gopro
TikTok: https://www.tiktok.com/@gopro
The Current: https://gopro.com/news
GoPro: https://gopro.com/channel/
#GoPro",66915,4105,0,24,GoPro,"2023-09-08 21:00:21","2023-09-08","21:00:21",UCqhnX4jA0A5paNd1v-zEysw
18,lRInd78mVkM,GoPro,GoPro | HERO12 Black üì∑ New Max Lens Mod 2.0,"Widest. Tallest. Ultimate POV. Upgrade your HERO12 Black by bundling it with the new Max Lens Mod 2.0. This lens attachment offers an industry-leading, 177¬∞ FOV at 4K60 in Max HyperView + 48% wider vertical video in Max SuperView, without the need to mount vertically. With Max Lens Mod 2.0 attached, you'll also see a 36% FOV increase in widescreen capture when compared to the standard HERO12 Black. You'll also unlock Max #HyperSmooth + 360¬∞ horizon lock in all resolutions + lenses. And if you're looking for slo-mo, try the new 1080p120 video for 1/4 speed footage at a maxed-out FOV. Like to get rough? Max Lens Mod 2.0 is hydrophobic + 2x more scratch resistant than its predecessor, while maintaining a slimmer profile.

Pre-order HERO12 Black + Max Lens Mod now at https://GoPro.com/HERO12Bundle

Shot 100% on GoPro

For more from GoPro, follow us:
Facebook: https://www.facebook.com/gopro
Twitter: https://twitter.com/gopro
Instagram: https://instagram.com/gopro
TikTok: https://www.tiktok.com/@gopro
The Current: https://gopro.com/news
GoPro: https://gopro.com/channel/
#GoPro",125509,6062,0,43,"HyperSmooth,GoPro","2023-09-08 17:00:37","2023-09-08","17:00:37",UCqhnX4jA0A5paNd1v-zEysw
19,THFydLp_WZo,GoPro,GoPro | HERO12 Black üì∑ New HDR Video,"#GoPro #GoProPOV #HyperSmooth #GoProSnow

Blown highlights + lost shadows are a thing of the past with the addition of High Dynamic Range (HDR) video modes in HERO12 Black. By exposing each video frame at 2 different levels + combining them into 1 balanced image, this new-to-GoPro setting captures details that might typically be lost in bright + dark areas of your footage. The result is life-like videos that replicate the high dynamic range of the human eyes üëÄ

Pre-order now at https://GoPro.com/HERO12

Shot 100% on GoPro

For more from GoPro, follow us:
Facebook: https://www.facebook.com/gopro
Twitter: https://twitter.com/gopro
Instagram: https://instagram.com/gopro
TikTok: https://www.tiktok.com/@gopro
The Current: https://gopro.com/news
GoPro: https://gopro.com/channel/
#GoPro",85558,3495,0,26,"GoPro,GoProPOV,HyperSmooth,GoProSnow,GoPro","2023-09-08 13:30:09","2023-09-08","13:30:09",UCqhnX4jA0A5paNd1v-zEysw
20,I1SXZMOBr9c,GoPro,GoPro: HERO12 Black üì∑ Emmy¬Æ Award Winning HyperSmooth 6.0,"Shaky video is long gone. HyperSmooth 6.0 continues to raise the bar for in-camera video stabilization, giving you impossibly-smooth footage in every video mode, no matter how rough it gets. If you don't know how wild your ride will be, the upgraded AutoBoost offers more stabilization with less cropping‚Äîensuring you get the widest + smoothest shots possible. Enhanced 360¬∞ Horizon Lock also allows your camera to rotate a full 360¬∞ while still maintaining perfectly level footage with the Linear + HL Digital Lens. You won‚Äôt need a gimbal or stabilization software for pro-quality results.

Attach Max Lens Mod 2.0 if you want the highest stabilization possible on HERO12 Black with Max HyperSmooth. You‚Äôll also get Horizon Lock for all lenses, plus 1080p120 video for ultra stable 4x slo-mo footage with a maxed out FOV.

Pre-order HERO12 Black + Max Lens Mod 2.0 at https://GoPro.com/HERO12Bundle

Shot 100% on GoPro

For more from GoPro, follow us:
Facebook: https://www.facebook.com/gopro
Twitter: https://twitter.com/gopro
Instagram: https://instagram.com/gopro
TikTok: https://www.tiktok.com/@gopro
The Current: https://gopro.com/news
GoPro: https://gopro.com/channel/
#GoPro",98139,3145,0,18,GoPro,"2023-09-07 21:00:07","2023-09-07","21:00:07",UCqhnX4jA0A5paNd1v-zEysw
21,vRQ22IKvwyw,GoPro,GoPro: HERO12 Black üì∑ Incredible Image Quality + New Vertical Capture Mode,"HERO12 Black delivers industry-leading quality + ultimate versatility in one package. Its immersive 8:7 sensor delivers ultra-high resolution 5.3K60 + 4K120 video. A new 4K Vertical Capture Mode for Reels, TikTok, + YouTube Shorts simplifies mounting + post production for social media creators. Want to slow things down? 240FPS modes enable ultra slow-mo at 1/8 the speed of real time. Then, there's High Dynamic Range video. HDR unlocks a realistic level of detail in your footage by exposing each frame to 2 different brightness levels + combining them into 1 balanced image. This new-to-GoPro setting lifts shadows + reduces highlights in a way that mimics what the human eye sees. #GoPro #GoProHERO12 #HyperSmooth #Videography

#ProTip: Enable our new GP-Log encoding LUT for maximum post-production control.

Pre-order now at https://GoPro.com/HERO12 Black.

Shot 100% on GoPro

For more from GoPro, follow us:
Facebook: https://www.facebook.com/gopro
Twitter: https://twitter.com/gopro
Instagram: https://instagram.com/gopro
TikTok: https://www.tiktok.com/@gopro
The Current: https://gopro.com/news
GoPro: https://gopro.com/channel/
#GoPro",53590,2464,0,24,"GoPro,GoProHERO12,HyperSmooth,Videography,ProTip,GoPro","2023-09-07 17:00:36","2023-09-07","17:00:36",UCqhnX4jA0A5paNd1v-zEysw
22,SPOdpuUUGUU,GoPro,GoPro: HERO12 Black üì∑ 2x Longer Runtimes,"#GoPro #GoProHERO12 #HyperSmooth

Double the runtimes, double the memories. HERO12 Black‚Äôs power management has been reengineered from the ground up to deliver up to 2x longer continuous recording in our highest performance video modes. The dramatically more efficient processing allows you to film for 70 mins at 5.3K60 (HERO12's highest setting), over 1.5 hours at 5.3K30, + 2.5 hours at 1080p30. For all you powder hounds, the advanced technology of the included 1720mAh Enduro Battery significantly extends runtimes at colder temperatures over previous GoPro cameras + batteries to deliver up to 2x longer continuous recording, in our highest performance video modes, before hitting thermal limits.

Pre-order now at https://GoPro.com/HERO12

Shot 100% on GoPro

For more from GoPro, follow us:
Facebook: https://www.facebook.com/gopro
Twitter: https://twitter.com/gopro
Instagram: https://instagram.com/gopro
TikTok: https://www.tiktok.com/@gopro
The Current: https://gopro.com/news
GoPro: https://gopro.com/channel/
#GoPro",61179,2175,0,20,"GoPro,GoProHERO12,HyperSmooth,GoPro","2023-09-07 13:00:32","2023-09-07","13:00:32",UCqhnX4jA0A5paNd1v-zEysw
23,UZ5G0tVwBkI,GoPro,GoPro: Introducing HERO12 Black | Everything You Need to Know,"This is everything you need to know about the new HERO12 Black. Best-in-class image quality + video stabilization come together with a huge boost in battery runtimes to bring you the most versatile, most capable, most feature-packed HERO camera ever.

üó£Ô∏è Global viewers, tap the settings icon in the bottom-right corner of the video to select an audio track for your preferred language.

Our new camera takes industry-leading 5.3K video + adds High Dynamic Range (HDR) to capture once-in-a-lifetime moments in even more detail. Thanks to the improved power management, HERO12 Black delivers 2x longer continuous recording at 5.3K60 (70 minutes). Tough, lightweight + easily mountable for hands-free recording, it‚Äôs ready for anything, all while advanced video stabilization from HyperSmooth 6.0 keeps your footage smooth in the roughest conditions. After recording, simply plug in your GoPro + your footage will automatically upload to the cloud. A highlight video will be sent to your phone that lets you relive your adventures + share the fun.

Pre-Order HERO12 Black: https://GoPro.com/HERO12
Pre-Order HERO12 Black + Max Lens Mod 2.0: https://GoPro.com/HERO12Bundle

Review what‚Äôs new:
00:00 - Introducing HERO12 Black
00:33 - The World's Most Versatile Camera
01:00 - Up to 2x Longer Continuous Runtimes
01:28 - HDR Video
01:46 - Video Resolutions
02:23 - Amazing Photos
02:52 - 8:7 Image Sensor
03:23 - HyperView Digital Lens
03:37 - HyperSmooth 6.0
04:15 - Max Lens Mod 2.0
05:41 - Pro-Level Imaging
06:37 - Pro Audio with Bluetooth Support
07:23 - Creative Modes
07:52 - Capture Modes
08:27 - Quik App + Auto-Highlight Videos

For more from GoPro, follow us:
Facebook: https://www.facebook.com/gopro
Twitter: https://twitter.com/gopro
Instagram: https://instagram.com/gopro
TikTok: https://www.tiktok.com/@gopro
The Current: https://gopro.com/news
GoPro: https://gopro.com/channel/
#GoPro #GoProHERO12 #HyperSmooth",1223307,32745,0,2955,"GoPro,GoProHERO12,HyperSmooth","2023-09-06 13:00:12","2023-09-06","13:00:12",UCqhnX4jA0A5paNd1v-zEysw
24,"9scf7RaVdXk",GoPro,GoPro | BASE Jumping off a Mountain Bike Ramp üé¨ Daniel Regan #Shorts,"See ya ‚úåÔ∏è GoPro Subscriber Daniel Regan scored $1,000 for riding his MTB off this unique BASE exit in Switzerland. Shot on our 360 camera, #GoProMAX. #GoPro #GoProAwards #GoProMTB #HyperSmooth #BASE #BASEJumping #Bike #MTB

For more GoPro videos, subscribe to our channel üëâ http://goo.gl/HgVXpQ
GoPro MAX üëâ https://GoPro.com/MAX

Shot 100% on GoPro

For more from GoPro, follow us:
Facebook: https://www.facebook.com/gopro
Twitter: https://twitter.com/gopro
Instagram: https://instagram.com/gopro
TikTok: https://www.tiktok.com/@gopro
The Current: https://gopro.com/news
GoPro: https://gopro.com/channel/
#GoPro",2303899,78032,0,1056,"GoProMAX,GoPro,GoProAwards,GoProMTB,HyperSmooth,BASE,BASEJumping,Bike,MTB,GoPro","2023-08-31 15:10:50","2023-08-31","15:10:50",UCqhnX4jA0A5paNd1v-zEysw
25,jZ4HlPMPN3M,GoPro,GoPro: Wingsuit Cloud Surfing,"Have you ever wondered what it would look like to float amongst the clouds? If so, today is your lucky day because GoPro Awards recipient Kasey English did just that. Enjoy this POV from his GoPro MAX as he + a friend went skydiving in their wingsuits + surfed their way through the towering clouds above Venezuela.

--------------------------------------------------------
Products used in this video:
GoPro MAX 360 Camera: http://GoPro.com/MAX
Enduro Battery for MAX: http://GoPro.com/MAXEnduro
64GB SD Card: http://GoPro.com/64SD
--------------------------------------------------------

Shot 100% on GoPro: https://bit.ly/3R4muRO
Get stoked and subscribe: http://goo.gl/HgVXpQ

For more from GoPro, follow us:
Facebook: https://www.facebook.com/gopro
Twitter: https://twitter.com/gopro
Instagram: https://instagram.com/gopro
TikTok: https://www.tiktok.com/@gopro
The Current: https://gopro.com/news
GoPro: https://gopro.com/channel/
#GoPro #GoProMAX #HyperSmooth #POV #Wingsuiting #SkyDiving",68676,3153,0,151,"GoPro,GoProMAX,HyperSmooth,POV,Wingsuiting,SkyDiving","2023-08-31 15:08:18","2023-08-31","15:08:18",UCqhnX4jA0A5paNd1v-zEysw
26,LRnpN1BMrE4,GoPro,GoPro | MTB Balance Over Deep Canyon üé¨ Kilian Bron #Shorts,"Name a better place to pop a manual... üò§ #GoProAthlete Kilian Bron captured this wild #GoProMAX POV from his trip to Switzerland. #GoPro #GoProMTB #Bike #MTB #Biking #POV #Balance

For more GoPro videos, subscribe to our channel üëâ http://goo.gl/HgVXpQ
GoPro MAX 360 Camera üëâ https://GoPro.com/MAX

Shot 100% on GoPro

For more from GoPro, follow us:
Facebook: https://www.facebook.com/gopro
Twitter: https://twitter.com/gopro
Instagram: https://instagram.com/gopro
TikTok: https://www.tiktok.com/@gopro
The Current: https://gopro.com/news
GoPro: https://gopro.com/channel/
#GoPro",2974706,105144,0,356,"GoProAthlete,GoProMAX,GoPro,GoProMTB,Bike,MTB,Biking,POV,Balance,GoPro","2023-08-29 14:00:12","2023-08-29","14:00:12",UCqhnX4jA0A5paNd1v-zEysw
27,GlgaJ7dFw64,GoPro,GoPro | Sleeping Sea Lion Bumps into Pro Surfer üé¨ Pacha Light #Shorts,"This is why you always keep your GoPro on you ü¶≠ A sleeping sea lion bumped into #GoProAthlete @pachalight in the wildlife haven of the Galapagos Islands. Shot on her #GoProHERO11 Black. #GoPro #GoProSurf #Surfing #Wildlife #SeaLion #Surf

For more GoPro videos, subscribe to our channel üëâ http://goo.gl/HgVXpQ
GoPro HERO11 Black üëâ https://GoPro.com/HERO11Black

Shot 100% on GoPro

Music Courtesy of Epidemic Sound
https://www.epidemicsound.com/

For more from GoPro, follow us:
Facebook: https://www.facebook.com/gopro
Twitter: https://twitter.com/gopro
Instagram: https://instagram.com/gopro
TikTok: https://www.tiktok.com/@gopro
The Current: https://gopro.com/news
GoPro: https://gopro.com/channel/
#GoPro",155836,4546,0,13,"GoProAthlete,GoProHERO11,GoPro,GoProSurf,Surfing,Wildlife,SeaLion,Surf,GoPro","2023-08-29 14:00:11","2023-08-29","14:00:11",UCqhnX4jA0A5paNd1v-zEysw
28,t0r5utA7H50,GoPro,GoPro | Summer Ski Jumping POV üé¨ Anthony Robert #Shorts,"Practice makes perfect, even in the summer ‚õ∑Ô∏è GoPro Subscriber + Family member Anthony Robert rigged up our 360 camera, #GoProMAX, + showed us how to hit a jump while skiing #GoPro #HyperSmooth #GoProAwards #POV #SkiJump #BigAir

For more GoPro videos, subscribe to our channel üëâ http://goo.gl/HgVXpQ
GoPro MAX 360 Camera üëâ https://GoPro.com/MAX

Shot 100% on GoPro

For more from GoPro, follow us:
Facebook: https://www.facebook.com/gopro
Twitter: https://twitter.com/gopro
Instagram: https://instagram.com/gopro
TikTok: https://www.tiktok.com/@gopro
The Current: https://gopro.com/news
GoPro: https://gopro.com/channel/
#GoPro",255698,9523,0,19,"GoProMAX,GoPro,HyperSmooth,GoProAwards,POV,SkiJump,BigAir,GoPro","2023-08-28 14:00:39","2023-08-28","14:00:39",UCqhnX4jA0A5paNd1v-zEysw
29,FG0vP41ZhOA,GoPro,GoPro | Drainage Ditch Kayaking Race POV | Stu Telfer #Shorts,"It's every man for themselves on this man-made, white-water slide üòà Stu Telfer + company hopped in their boats + let gravity take over for this $1,000 GoPro Award. Shot on #GoProHERO11 Black Mini. #GoPro #POV #HyperSmooth #Kayak #Kayaking #Speed

For more GoPro videos, subscribe to our channel üëâ http://goo.gl/HgVXpQ
GoPro HERO11 Black üëâ https://GoPro.com/HERO11Black

Shot 100% on GoPro

For more from GoPro, follow us:
Facebook: https://www.facebook.com/gopro
Twitter: https://twitter.com/gopro
Instagram: https://instagram.com/gopro
TikTok: https://www.tiktok.com/@gopro
The Current: https://gopro.com/news
GoPro: https://gopro.com/channel/
#GoPro",53284852,1480355,0,11138,"GoProHERO11,GoPro,POV,HyperSmooth,Kayak,Kayaking,Speed,GoPro","2023-08-27 14:00:08","2023-08-27","14:00:08",UCqhnX4jA0A5paNd1v-zEysw
30,-FTcgqs-bNw,GoPro,GoPro | MTB Down a Cliff POV üé¨ ReÃÅmy MeÃÅtailler #Shorts,"#GoProAthlete @remymetailler has graduated from mountain biking to cliff biking ü§Ø Peep his #GoProMAX POV from these back-to-back slabs in Squamish, BC. #GoPro #GoProMTB #POV #HyperSmooth #Bike #MTB

For more GoPro videos, subscribe to our channel üëâ http://goo.gl/HgVXpQ GoPro MAX 360 Camera üëâ https://GoPro.com/MAX

Shot 100% on GoPro

For more from GoPro, follow us:
Facebook: https://www.facebook.com/gopro
Twitter: https://twitter.com/gopro
Instagram: https://instagram.com/gopro
TikTok: https://www.tiktok.com/@gopro
The Current: https://gopro.com/news
GoPro: https://gopro.com/channel/
#GoPro",191908,7538,0,39,"GoProAthlete,GoProMAX,GoPro,GoProMTB,POV,HyperSmooth,Bike,MTB,GoPro","2023-08-24 14:00:00","2023-08-24","14:00:00",UCqhnX4jA0A5paNd1v-zEysw
31,iR65LCZIo0U,GoPro,GoPro | Baby Leopard Cuteness Overload üé¨ Lisa Tora Jaqueline KytoÃàsaho #Shorts,"GoPro Million Dollar Challenge award recipient + big cat rehabilitation specialist @lisatorajaqueline captured a day in her life with Rei, the leopard cub, + scored $18,181 for her efforts. This is no African safari though, she uses #GoProHERO11 Black to document all of her ""re-wilding"" efforts to return + rehabilitate displaced, large African cats to their natural habitats. #GoPro #HyperSmooth #Leopard #Wildlife #WildlifePhotography #Africa #POV #BigCats

For more GoPro videos, subscribe to our channel üëâ http://goo.gl/HgVXpQ
GoPro HERO11 Black üëâ https://GoPro.com/HERO11Black

Shot 100% on GoPro

Music Courtesy of Epidemic Sound
https://www.epidemicsound.com/

For more from GoPro, follow us:
Facebook: https://www.facebook.com/gopro
Twitter: https://twitter.com/gopro
Instagram: https://instagram.com/gopro
TikTok: https://www.tiktok.com/@gopro
The Current: https://gopro.com/news
GoPro: https://gopro.com/channel/
#GoPro",140194,6692,0,29,"GoProHERO11,GoPro,HyperSmooth,Leopard,Wildlife,WildlifePhotography,Africa,POV,BigCats,GoPro","2023-08-22 18:30:50","2023-08-22","18:30:50",UCqhnX4jA0A5paNd1v-zEysw
32,"0adXSaA3qtE",GoPro,GoPro | Insane Acrobatic BASE Jumping üé¨ John Lavan #Shorts,"No matter how you spin it, John Lavan's POV of Chase Reinford is wild üò§ His #GoProHERO11 Black headcam of this BASE jump in Italy scored him a $500 GoPro Award. #GoPro #HyperSmooth #BASE #BASEJumping #POV

For more GoPro videos, subscribe to our channel üëâ http://goo.gl/HgVXpQ
GoPro HERO11 Black üëâ https://GoPro.com/HERO11Black

Shot 100% on GoPro

For more from GoPro, follow us:
Facebook: https://www.facebook.com/gopro
Twitter: https://twitter.com/gopro
Instagram: https://instagram.com/gopro
TikTok: https://www.tiktok.com/@gopro
The Current: https://gopro.com/news
GoPro: https://gopro.com/channel/
#GoPro",172399,4624,0,29,"GoProHERO11,GoPro,HyperSmooth,BASE,BASEJumping,POV,GoPro","2023-08-20 14:00:00","2023-08-20","14:00:00",UCqhnX4jA0A5paNd1v-zEysw
33,YDoCu0uILcU,GoPro,GoPro: Life on a Sailboat | 8 Years of Sailing at Sea,"For a select group of humans, the ocean is where they call home. Josh Shankle + Rachel Moore departed from their land-based life in Ventura, California for a new journey on the deck + in the ocean. The adventure-fueled couple travels the world on the 42' Tayana sailboat named, ""Agapƒì"". Together they explore the most remote island chains, scuba + free dive with the most incredible wildlife, and get to appreciate the the immense beauty that covers 71% of our planet. Hop onboard and experience what it's like to live life without bounds + to follow only the wind and tides.

--------------------------------------------------------
Products used in this video:
HERO11 Black: https://GoPro.com/HERO11Black
Protective Housing: https://GoPro.com/ProtectiveHousing
The Handler Floating Grip: https://GoPro.com/Handler
El Grande: https://GoPro.com/shop/mounts-accessories/el-grande/AGXTS-001.html
Dive Master Filter Kit: https://GoPro.com/shop/mounts-accessories/polarpro-divemaster-filter-kit-protective-housing/APPRO-006.html
--------------------------------------------------------

Shot 100% on GoPro: https://bit.ly/3P0PyYR
Get stoked and subscribe: http://goo.gl/HgVXpQ

Music Courtesy of Epidemic Sound
https://www.epidemicsound.com/

For more from GoPro, follow us:
Facebook: https://www.facebook.com/gopro
Twitter: https://twitter.com/gopro
Instagram: https://instagram.com/gopro
TikTok: https://www.tiktok.com/@gopro
The Current: https://gopro.com/news
GoPro: https://gopro.com/channel/
#GoPro #GoProHERO11 #GoProTravel #Sailing #Sailboat #ScubaDiving",37575,1286,0,103,"GoPro,GoProHERO11,GoProTravel,Sailing,Sailboat,ScubaDiving","2023-08-18 14:00:32","2023-08-18","14:00:32",UCqhnX4jA0A5paNd1v-zEysw
34,tQfgIV_JB-4,GoPro,GoPro: Slingshot while Wingsuiting üé¨ Kasey English #Shorts,"A calculated yeet ü™Ç Would you let your friends fling you into flight while skydiving like GoPro Subscriber Kasey English + Sam dyer? Shot on our 360 camera, #GoProMAX. #GoPro #HyperSmooth #Wingsuit #POV #Skydiving #Skydive

For more GoPro videos, subscribe to our channel üëâ http://goo.gl/HgVXpQ
GoPro MAX üëâ https://GoPro.com/MAX

Shot 100% on GoPro

Music Courtesy of Epidemic Sound
https://www.epidemicsound.com/

For more from GoPro, follow us:
Facebook: https://www.facebook.com/gopro
Twitter: https://twitter.com/gopro
Instagram: https://instagram.com/gopro
TikTok: https://www.tiktok.com/@gopro
The Current: https://gopro.com/news
GoPro: https://gopro.com/channel/
#GoPro",114713,3527,0,19,"GoProMAX,GoPro,HyperSmooth,Wingsuit,POV,Skydiving,Skydive,GoPro","2023-08-15 17:30:14","2023-08-15","17:30:14",UCqhnX4jA0A5paNd1v-zEysw
35,jJmU6A0ZfIY,GoPro,GoPro | Close Encounter with a Dolphin Pod üé¨ Sayaka Muramoto #Shorts,"Friends come in all shapes + sizes üê¨ GoPro Subscriber Sayaka Muramoto went freediving alongside a curious group of dolphins off the coast of Okinawa, Japan. #GoPro #GoProSelfie #Dolphins #Diving #FreeDiving #WildlifePhotography #Wildlife

For more GoPro videos, subscribe to our channel üëâ http://goo.gl/HgVXpQ
GoPro HERO11 Black üëâ https://GoPro.com/HERO11Black

Shot 100% on GoPro

For more from GoPro, follow us:
Facebook: https://www.facebook.com/gopro
Twitter: https://twitter.com/gopro
Instagram: https://instagram.com/gopro
TikTok: https://www.tiktok.com/@gopro
The Current: https://gopro.com/news
GoPro: https://gopro.com/channel/
#GoPro",96116,4218,0,26,"GoPro,GoProSelfie,Dolphins,Diving,FreeDiving,WildlifePhotography,Wildlife,GoPro","2023-08-14 21:15:00","2023-08-14","21:15:00",UCqhnX4jA0A5paNd1v-zEysw
36,_L2WJfgtuY8,GoPro,GoPro | Downhill MTB Speed Run POV üé¨ Zach Clayton #Shorts,"This isn't sped up ü§Ø #GoProAwards recipient Zach Clayton scored $500 for the ultimate, high-speed mountain biking run through the forests of Park City, Utah üí® #GoPro #GoProMTB #Bike #MTB #DownhillMTB #Speed

For more GoPro videos, subscribe to our channel üëâ http://goo.gl/HgVXpQ
GoPro MAX 360 Camera üëâ https://GoPro.com/MAX

Shot 100% on GoPro

For more from GoPro, follow us:
Facebook: https://www.facebook.com/gopro
Twitter: https://twitter.com/gopro
Instagram: https://instagram.com/gopro
TikTok: https://www.tiktok.com/@gopro
The Current: https://gopro.com/news
GoPro: https://gopro.com/channel/
#GoPro",125010,5322,0,58,"GoProAwards,GoPro,GoProMTB,Bike,MTB,DownhillMTB,Speed,GoPro","2023-08-13 19:24:02","2023-08-13","19:24:02",UCqhnX4jA0A5paNd1v-zEysw
37,bEE1lGtadb4,GoPro,GoPro: Wingsuit Proximity Flying the Great Pyramid of Giza | Soul Flyers,"GoPro Award recipient Fred Fugen, Aur√©lien Chatard, + Vincent Cotte have seen what very few people will ever get to‚Äîthe top of the Egyptian pyramids. These masters of skydiving + base jumping exited a helicopter thousands of feet above Egypt. After bursting through the wall of clouds, the trio built their formation and buzzed by one of the 7 wonders of the world, just as planned. Shot on our 360¬∞ camera, GoPro MAX.

--------------------------------------------------------
Products used in this video:
GoPro MAX: https://GoPro.com/MAX
Enduro Battery for MAX: https://GoPro.com/MAXEnduro
64GB SD Card: https://GoPro.com/64SD
--------------------------------------------------------

Shot 100% on GoPro: https://bit.ly/3QwCvj7
Get stoked and subscribe: http://goo.gl/HgVXpQ

Music Courtesy of Epidemic Sound
https://www.epidemicsound.com/

For more from GoPro, follow us:
Facebook: https://www.facebook.com/gopro
Twitter: https://twitter.com/gopro
Instagram: https://instagram.com/gopro
TikTok: https://www.tiktok.com/@gopro
The Current: https://gopro.com/news
GoPro: https://gopro.com/channel/
#GoPro #GoProMAX #Skydiving #Wingsuiting #Egypt #Pyramids #BASE",109664,2049,0,100,"GoPro,GoProMAX,Skydiving,Wingsuiting,Egypt,Pyramids,BASE","2023-08-11 19:07:02","2023-08-11","19:07:02",UCqhnX4jA0A5paNd1v-zEysw
38,OGR6WZHP31w,GoPro,GoPro | FPV Drone Flying Through a Pier üé¨ Cole Parker #Shorts,"Flying your drone through the Scripps Pier is one of the many great things to do in San Diego. #GoProFPV Pilot Cole Parker's mastery on the FPV drone control sticks during this perfect La Jolla sunset earned him a $500 GoPro Award. Shot on #GoProHERO11 Black Mini. #GoPro #HyperSmooth #SanDiego #FPV #FPVDrone

For more GoPro videos, subscribe to our channel üëâ http://goo.gl/HgVXpQ
GoPro HERO11 Black Mini üëâ https://GoPro.com/HERO11Mini

Shot 100% on GoPro

Music Courtesy of Epidemic Sound
https://www.epidemicsound.com/

For more from GoPro, follow us:
Facebook: https://www.facebook.com/gopro
Twitter: https://twitter.com/gopro
Instagram: https://instagram.com/gopro
TikTok: https://www.tiktok.com/@gopro
The Current: https://gopro.com/news
GoPro: https://gopro.com/channel/
#GoPro",82535,3596,0,26,"GoProFPV,GoProHERO11,GoPro,HyperSmooth,SanDiego,FPV,FPVDrone,GoPro","2023-08-10 14:11:41","2023-08-10","14:11:41",UCqhnX4jA0A5paNd1v-zEysw
39,Fq2gvUi9pZI,GoPro,GoPro | Face-to-Face with a Humpback Whale üé¨ Joaquin Fregoni #Shorts,"Staring contest üëÅÔ∏è GoPro Subscriber Joaquin Fregoni was approached by one of the largest creatures on the planet + went eye-to-eye in this $1,000 clip. Thanks for submitting your incredible 4K underwater wildlife footage to the ""Get Wet, Get Paid"" challenge at GoPro.com/Awards. #GoPro #GoProAwards #WhaleWatching #Whale #HumpbackWhale #WildlifePhotography

For more GoPro videos, subscribe to our channel üëâ http://goo.gl/HgVXpQ
GoPro HERO11 Black üëâ https://GoPro.com/HERO11Black

Shot 100% on GoPro

Music Courtesy of Epidemic Sound
https://www.epidemicsound.com/

For more from GoPro, follow us:
Facebook: https://www.facebook.com/gopro
Twitter: https://twitter.com/gopro
Instagram: https://instagram.com/gopro
TikTok: https://www.tiktok.com/@gopro
The Current: https://gopro.com/news
GoPro: https://gopro.com/channel/
#GoPro",82286,4204,0,40,"GoPro,GoProAwards,WhaleWatching,Whale,HumpbackWhale,WildlifePhotography,GoPro","2023-08-06 15:00:17","2023-08-06","15:00:17",UCqhnX4jA0A5paNd1v-zEysw
40,ELPVQ1kaDBQ,GoPro,GoPro | Mounted on a Sheep üé¨ Benn Whitehead #Shorts,"An inside look at life amongst the herd as the group of sheep make moves across the farm üëÄ Shot on #GoProHERO11 Black by GoPro Awards recipient + Benn Whitehead while herding. #GoPro #HyperSmooth #GoProAwards #Sheep #SheepHerding #Farm #Farming #Ranch

For more GoPro videos, subscribe to our channel üëâ http://goo.gl/HgVXpQ
GoPro HERO11 Black üëâ https://GoPro.com/HERO11Black

Shot 100% on GoPro

Music Courtesy of Epidemic Sound
https://www.epidemicsound.com/

For more from GoPro, follow us:
Facebook: https://www.facebook.com/gopro
Twitter: https://twitter.com/gopro
Instagram: https://instagram.com/gopro
TikTok: https://www.tiktok.com/@gopro
The Current: https://gopro.com/news
GoPro: https://gopro.com/channel/
#GoPro",73726,2433,0,18,"GoProHERO11,GoPro,HyperSmooth,GoProAwards,Sheep,SheepHerding,Farm,Farming,Ranch,GoPro","2023-08-05 15:00:08","2023-08-05","15:00:08",UCqhnX4jA0A5paNd1v-zEysw
41,rKZLa0pzyBY,GoPro,GoPro: All-Out Go Kart Racing POV,"Some people dream about driving fast, but GoPro Million Dollar Challenge Award recipient Luca Arici puts rubber to the asphalt. An experienced driver himself, he took a seat behind the wheel of a gas-powered kart with HERO11 Black mounted to his crash helmet. Strap in to experience his POV of a lap full of drifting through high speed corners at his home track in Trento, Italy. Next stop, the F1 grid.

--------------------------------------------------------
Products used in this video:
HERO11 Black: https://GoPro.com/HERO11Black
Enduro Battery: https://GoPro.com/Enduro
Adhesive Mounts: https://GoPro.com/shop/mounts-accessories/curved-plus-flat-adhesive-mounts/AACFT-001.html
64GB SD Card: https://GoPro.com/64SD
--------------------------------------------------------

Shot 100% on GoPro: https://bit.ly/3DJ9cCm
Get stoked and subscribe: http://goo.gl/HgVXpQ

Music Courtesy of Epidemic Sound
https://www.epidemicsound.com/

For more from GoPro, follow us:
Facebook: https://www.facebook.com/gopro
Twitter: https://twitter.com/gopro
Instagram: https://instagram.com/gopro
TikTok: https://www.tiktok.com/@gopro
The Current: https://gopro.com/news
GoPro: https://gopro.com/channel/
#GoPro #GoProHERO11 #Racing #GoKart #POV #HyperSmooth #GoKarting",39424,1234,0,72,"GoPro,GoProHERO11,Racing,GoKart,POV,HyperSmooth,GoKarting","2023-08-04 14:00:39","2023-08-04","14:00:39",UCqhnX4jA0A5paNd1v-zEysw
42,uswk2wlX4eE,GoPro,GoPro | The Perfect Freediving Spot? üé¨ Victor De Valles #Shorts,"#GoProFamily member Victor De Valles was out for a dive in the caves surrounding Ibiza when he stumbled upon this perfect column of light. This kind of natural underwater lighting is his speciality + he sure did take advantage. Feast your eyes on his stunning #GoProHERO11 Black footage from the crystal-clear Spanish waters. #GoPro #GoProAwards #HyperSmooth #Diving #FreeDiving #Ibiza

For more GoPro videos, subscribe to our channel üëâ http://goo.gl/HgVXpQ
GoPro HERO11 Black üëâ https://GoPro.com/HERO11Black

Shot 100% on GoPro

Music Courtesy of Epidemic Sound
https://www.epidemicsound.com/

For more from GoPro, follow us:
Facebook: https://www.facebook.com/gopro
Twitter: https://twitter.com/gopro
Instagram: https://instagram.com/gopro
TikTok: https://www.tiktok.com/@gopro
The Current: https://gopro.com/news
GoPro: https://gopro.com/channel/
#GoPro",39714,2189,0,18,"GoProFamily,GoProHERO11,GoPro,GoProAwards,HyperSmooth,Diving,FreeDiving,Ibiza,GoPro","2023-08-03 16:20:00","2023-08-03","16:20:00",UCqhnX4jA0A5paNd1v-zEysw
43,"7ua253Er28o",GoPro,GoPro | 300 MPH in a Top Fuel Dragster #Shorts,"Wait for it... We mounted a GoPro to the wing of a Top Fuel car to experience the raw power of accelerating to 300 miles per hour in just 5 seconds during a drag race. The results blew us away, and tried to blow the camera away. Want to see more drag racing? #GoPro #GoProMoto #DragRacing #Racing #Dragster #TopFuel #NHRA

For more GoPro videos, subscribe to our channel üëâ http://goo.gl/HgVXpQ
GoPro HERO11 Black üëâ https://GoPro.com/HERO11Black

Shot 100% on GoPro

For more from GoPro, follow us:
Facebook: https://www.facebook.com/gopro
Twitter: https://twitter.com/gopro
Instagram: https://instagram.com/gopro
TikTok: https://www.tiktok.com/@gopro
The Current: https://gopro.com/news
GoPro: https://gopro.com/channel/
#GoPro",178740,6166,0,56,"GoPro,GoProMoto,DragRacing,Racing,Dragster,TopFuel,NHRA,GoPro","2023-08-02 14:00:08","2023-08-02","14:00:08",UCqhnX4jA0A5paNd1v-zEysw
44,ruDqYT9ikOw,GoPro,GoPro | Diving with a Swarm of Hammerhead Sharks üé¨ Tatsuro Yamada #Shorts,"Joining the pack ü¶à ""Get Wet, Get Paid"" challenge award recipient Tatsuro Yamada went scuba diving alongside this shiver of sharks + earned $1,000 for submitting the #GoProHERO11 Black encounter to GoPro.com/Awards. #GoPro #SharkWeek #Sharks #HammerheadShark #Shark #Hammerhead

For more GoPro videos, subscribe to our channel üëâ http://goo.gl/HgVXpQ
GoPro HERO11 Black üëâ https://GoPro.com/HERO11Black

Shot 100% on GoPro

Music Courtesy of Epidemic Sound
https://www.epidemicsound.com/

For more from GoPro, follow us:
Facebook: https://www.facebook.com/gopro
Twitter: https://twitter.com/gopro
Instagram: https://instagram.com/gopro
TikTok: https://www.tiktok.com/@gopro
The Current: https://gopro.com/news
GoPro: https://gopro.com/channel/
#GoPro",44881,2259,0,11,"GoProHERO11,GoPro,SharkWeek,Sharks,HammerheadShark,Shark,Hammerhead,GoPro","2023-07-30 14:00:39","2023-07-30","14:00:39",UCqhnX4jA0A5paNd1v-zEysw
45,ZdZbw-whe7Q,GoPro,GoPro | Laser Light Show + Diabolo Juggling üé¨ Zack Zhao #Shorts,"Lights, camera, cash ü§ë GoPro Million Dollar Challenge award recipient Zack Zhao earned $18,181 for this wild showcase of hand-eye coordination with a Chinese yoyo. Shot on #GoProHERO11 Black. #GoPro #GoProAwards #HyperSmooth #Juggling #Diabolo #Taipei

For more GoPro videos, subscribe to our channel üëâ http://goo.gl/HgVXpQ
GoPro HERO11 Black üëâ https://GoPro.com/HERO11Black

Shot 100% on GoPro

Music Courtesy of Epidemic Sound
https://www.epidemicsound.com/

For more from GoPro, follow us:
Facebook: https://www.facebook.com/gopro
Twitter: https://twitter.com/gopro
Instagram: https://instagram.com/gopro
TikTok: https://www.tiktok.com/@gopro
The Current: https://gopro.com/news
GoPro: https://gopro.com/channel/
#GoPro",41188,1242,0,11,"GoProHERO11,GoPro,GoProAwards,HyperSmooth,Juggling,Diabolo,Taipei,GoPro","2023-07-29 14:00:34","2023-07-29","14:00:34",UCqhnX4jA0A5paNd1v-zEysw
46,Vk4JOQ0MUT0,GoPro,GoPro: POV Surfing Perfect Indonesian Barrels with Anthony Walsh,"GoPro Athlete Anthony Walsh hails from Australia's Gold Coast, but it can be hard to pin down his exact location as his surf travel takes him around the world in search of the best waves + empty lineups. We caught up with him in Indonesia for a sunrise session of hollow barrels, glassy conditions, + beautiful visions.

--------------------------------------------------------
Products used in this video:
HERO11 Black Mini: https://GoPro.com/HERO11Mini
Surfboard Mounts: https://GoPro.com/shop/mounts-accessories/surfboard-camera-mounts/ASURF-001.html
Bite Mount: https://GoPro.com/shop/mounts-accessories/bite-mount/ABITM-001.html
Handler Floating Grip: https://GoPro.com/Handler
--------------------------------------------------------

Shot 100% on GoPro: https://bit.ly/3Yf5gSY
Get stoked and subscribe: http://goo.gl/HgVXpQ

Music Courtesy of Epidemic Sound
https://www.epidemicsound.com/

For more from GoPro, follow us:
Facebook: https://www.facebook.com/gopro
Twitter: https://twitter.com/gopro
Instagram: https://instagram.com/gopro
TikTok: https://www.tiktok.com/@gopro
The Current: https://gopro.com/news
GoPro: https://gopro.com/channel/
#GoPro #GoProHERO11 #GoProSurf #HyperSmooth #Surfing #Surf #Indonesia",42996,1408,0,41,"GoPro,GoProHERO11,GoProSurf,HyperSmooth,Surfing,Surf,Indonesia","2023-07-28 19:34:36","2023-07-28","19:34:36",UCqhnX4jA0A5paNd1v-zEysw
47,amoDlBEND0U,GoPro,GoPro | Surrounded by Hundreds of Sharks üé¨ Joshua Shankle #Shorts,"It's a Sharknado üå™Ô∏èüòµ‚Äçüí´ GoPro Subscriber Joshua Shankle hopped in the water for this mesmerizing video + is taking home $1,000 for submitting it to the ""Get Wet, Get Paid"" challenge at GoPro.com/Awards. #GoPro #HyperSmooth #GoProAwards #GoProHERO11 #Sharks #Shark #FreeDiving

For more GoPro videos, subscribe to our channel üëâ http://goo.gl/HgVXpQ
GoPro HERO11 Black üëâ https://GoPro.com/HERO11Black

Music Courtesy of Epidemic Sound
https://www.epidemicsound.com/

For more from GoPro, follow us:
Facebook: https://www.facebook.com/gopro
Twitter: https://twitter.com/gopro
Instagram: https://instagram.com/gopro
TikTok: https://www.tiktok.com/@gopro
The Current: https://gopro.com/news
GoPro: https://gopro.com/channel/
#GoPro",39391,2338,0,30,"GoPro,HyperSmooth,GoProAwards,GoProHERO11,Sharks,Shark,FreeDiving,GoPro","2023-07-26 14:00:02","2023-07-26","14:00:02",UCqhnX4jA0A5paNd1v-zEysw
48,"4sDq7TjHrSE",GoPro,GoPro: Building a Custom Slow-Mo Rig | The Million Dollar Project,"GoPro Awards recipient David Rauchenberger has created the most unique GoPro production sets the world has ever seen. Last year was the ""Million Dollar Challenge Machine"", so what would you call this year's? He spent weeks ideating on how to build a film set that could incorporate bullet-time + slo mo videos into one shot and this is what the master-builder came up with. Oh yeah, he also earned a $18,181 GoPro Award for his efforts via a second appearance in the Million Dollar Challenge Highlight üëâ https://youtu.be/0VfW6-1DM8Y

--------------------------------------------------------
Products used in this video:
HERO11 Black: https://GoPro.com/HERO11Black
HERO11 Black Mini: https://GoPro.com/HERO11Mini
64GB SD Card: https://GoPro.com/64SD
Enduro Battery: https://GoPro.com/Enduro
--------------------------------------------------------

Shot 100% on GoPro: https://bit.ly/44z1xCo
Get stoked and subscribe: http://goo.gl/HgVXpQ

Music Courtesy of Music Bed
https://www.musicbed.com/

For more from GoPro, follow us:
Facebook: https://www.facebook.com/gopro
Twitter: https://twitter.com/gopro
Instagram: https://instagram.com/gopro
TikTok: https://www.tiktok.com/@gopro
The Current: https://gopro.com/news
GoPro: https://gopro.com/channel/
#GoPro #GoProAwards #HyperSmooth #SloMo #SlowMotion #BulletTime",20808,743,0,56,"GoPro,GoProAwards,HyperSmooth,SloMo,SlowMotion,BulletTime","2023-07-24 14:00:06","2023-07-24","14:00:06",UCqhnX4jA0A5paNd1v-zEysw
49,hAf2PJf6ScI,GoPro,GoPro | Face-to-Face with a Great White Shark üé¨ Alex Kydd #Shorts,"The beauty + importance of these apex predators of the sea cannot be overstated. #GoProFamily member Alex Kydd takes us up close + personal for an encounter with a large white shark on a recent free dive in Australia's Neptune Islands. #GoPro #HyperSmooth #Shark #Sharks #Diving #SharkDiving

For more GoPro videos, subscribe to our channel üëâ http://goo.gl/HgVXpQ
GoPro HERO11 Black üëâ https://GoPro.com/HERO11Black

Shot 100% on GoPro

Music Courtesy of Epidemic Sound
https://www.epidemicsound.com/

For more from GoPro, follow us:
Facebook: https://www.facebook.com/gopro
Twitter: https://twitter.com/gopro
Instagram: https://instagram.com/gopro
TikTok: https://www.tiktok.com/@gopro
The Current: https://gopro.com/news
GoPro: https://gopro.com/channel/
#GoPro",87593,2755,0,43,"GoProFamily,GoPro,HyperSmooth,Shark,Sharks,Diving,SharkDiving,GoPro","2023-07-23 14:00:26","2023-07-23","14:00:26",UCqhnX4jA0A5paNd1v-zEysw
50,DT-M1PoCmFg,GoPro,GoPro | Following a Golf Ball with an FPV Drone üé¨ Jay Christensen #Shorts,"üó£Ô∏è Let's go golfing ‚õ≥Ô∏è #GoProFamily member Jay Christensen put his #GoProFPV talents to the test when he decided to hit the golf course + track a race drone behind a tee shot. The results will blow your mind ü§Ø Shot on #GoProHERO11 Black. #GoPro #HyperSmooth #GoProAwards #Golf #Golfing #LasVegas #Vegas

Special thanks to Wynn Hotels.

For more GoPro videos, subscribe to our channel üëâ http://goo.gl/HgVXpQ
GoPro HERO11 Black üëâ https://GoPro.com/HERO11Black

Shot 100% on GoPro

Music Courtesy of Epidemic Sound
https://www.epidemicsound.com/

For more from GoPro, follow us:
Facebook: https://www.facebook.com/gopro
Twitter: https://twitter.com/gopro
Instagram: https://instagram.com/gopro
TikTok: https://www.tiktok.com/@gopro
The Current: https://gopro.com/news
GoPro: https://gopro.com/channel/
#GoPro",75111,1953,0,18,"GoProFamily,GoProFPV,GoProHERO11,GoPro,HyperSmooth,GoProAwards,Golf,Golfing,LasVegas,Vegas,GoPro","2023-07-22 14:00:08","2023-07-22","14:00:08",UCqhnX4jA0A5paNd1v-zEysw
